{
  "type": "FeatureCollection",
  "features": [
    {
      "type": "Feature",
      "properties": {
        "title": "Anatolia",
        "description": "Count: 6",
        "count": 6,
        "radius_km": 35.50021143249549,
        "style": {
          "fillOpacity": 0.3
        }
      },
      "geometry": {
        "type": "Polygon",
        "coordinates": [
          [
            [
              35.4103506706072,
              39.0
            ],
            [
              35.408789162417285,
              39.02798168914119
            ],
            [
              35.40411652186773,
              39.05575042073221
            ],
            [
              35.39636831057453,
              39.083094857958436
            ],
            [
              35.385603497104135,
              39.10980689314155
            ],
            [
              35.371904008187016,
              39.13568323156464
            ],
            [
              35.35537410520582,
              39.16052693866775
            ],
            [
              35.33613959070325,
              39.18414893883878
            ],
            [
              35.314346850948795,
              39.206369454393084
            ],
            [
              35.290161741850795,
              39.227019373790164
            ],
            [
              35.26376832669287,
              39.245941538674664
            ],
            [
              35.23536747530114,
              39.26299193994628
            ],
            [
              35.2051753353036,
              39.278040813756036
            ],
            [
              35.17342168711615,
              39.290973629087475
            ],
            [
              35.14034819517486,
              39.301691959406874
            ],
            [
              35.106206568723735,
              39.3101142317486
            ],
            [
              35.07125664615534,
              39.31617634753463
            ],
            [
              35.03576441748377,
              39.31983217040342
            ],
            [
              35.0,
              39.3210538773355
            ],
            [
              34.96423558251623,
              39.31983217040342
            ],
            [
              34.92874335384466,
              39.31617634753463
            ],
            [
              34.893793431276265,
              39.3101142317486
            ],
            [
              34.85965180482514,
              39.301691959406874
            ],
            [
              34.82657831288385,
              39.290973629087475
            ],
            [
              34.7948246646964,
              39.278040813756036
            ],
            [
              34.76463252469886,
              39.26299193994628
            ],
            [
              34.73623167330713,
              39.245941538674664
            ],
            [
              34.709838258149205,
              39.227019373790164
            ],
            [
              34.685653149051205,
              39.206369454393084
            ],
            [
              34.66386040929675,
              39.18414893883878
            ],
            [
              34.64462589479418,
              39.16052693866775
            ],
            [
              34.628095991812984,
              39.13568323156464
            ],
            [
              34.614396502895865,
              39.10980689314155
            ],
            [
              34.60363168942547,
              39.083094857958436
            ],
            [
              34.59588347813227,
              39.05575042073221
            ],
            [
              34.591210837582715,
              39.02798168914119
            ],
            [
              34.5896493293928,
              39.0
            ],
            [
              34.591210837582715,
              38.97201831085881
            ],
            [
              34.59588347813227,
              38.94424957926779
            ],
            [
              34.60363168942547,
              38.916905142041564
            ],
            [
              34.614396502895865,
              38.89019310685845
            ],
            [
              34.628095991812984,
              38.86431676843536
            ],
            [
              34.64462589479418,
              38.83947306133225
            ],
            [
              34.66386040929675,
              38.81585106116122
            ],
            [
              34.685653149051205,
              38.793630545606916
            ],
            [
              34.709838258149205,
              38.772980626209836
            ],
            [
              34.73623167330713,
              38.754058461325336
            ],
            [
              34.76463252469886,
              38.73700806005372
            ],
            [
              34.7948246646964,
              38.721959186243964
            ],
            [
              34.82657831288385,
              38.709026370912525
            ],
            [
              34.85965180482514,
              38.698308040593126
            ],
            [
              34.893793431276265,
              38.6898857682514
            ],
            [
              34.92874335384466,
              38.68382365246537
            ],
            [
              34.96423558251623,
              38.68016782959658
            ],
            [
              35.0,
              38.6789461226645
            ],
            [
              35.03576441748377,
              38.68016782959658
            ],
            [
              35.07125664615534,
              38.68382365246537
            ],
            [
              35.106206568723735,
              38.6898857682514
            ],
            [
              35.14034819517486,
              38.698308040593126
            ],
            [
              35.17342168711615,
              38.709026370912525
            ],
            [
              35.2051753353036,
              38.721959186243964
            ],
            [
              35.23536747530114,
              38.73700806005372
            ],
            [
              35.26376832669287,
              38.754058461325336
            ],
            [
              35.290161741850795,
              38.772980626209836
            ],
            [
              35.314346850948795,
              38.793630545606916
            ],
            [
              35.33613959070325,
              38.81585106116122
            ],
            [
              35.35537410520582,
              38.83947306133225
            ],
            [
              35.371904008187016,
              38.86431676843536
            ],
            [
              35.385603497104135,
              38.89019310685845
            ],
            [
              35.39636831057453,
              38.916905142041564
            ],
            [
              35.40411652186773,
              38.94424957926779
            ],
            [
              35.408789162417285,
              38.97201831085881
            ],
            [
              35.4103506706072,
              39.0
            ]
          ]
        ]
      }
    },
    {
      "type": "Feature",
      "properties": {
        "title": "Bactria-Margiana",
        "description": "Count: 17",
        "count": 17,
        "radius_km": 53.39713010327323,
        "style": {
          "fillOpacity": 0.3
        }
      },
      "geometry": {
        "type": "Polygon",
        "coordinates": [
          [
            [
              62.605425542117246,
              37.6
            ],
            [
              62.60312171514652,
              37.642088253429776
            ],
            [
              62.59622776774868,
              37.68385618983737
            ],
            [
              62.584796167026106,
              37.724985930006554
            ],
            [
              62.56891391436288,
              37.76516445177981
            ],
            [
              62.54870188329175,
              37.80408597234601
            ],
            [
              62.5243138995735,
              37.84145427543217
            ],
            [
              62.49593557049011,
              37.876984965688216
            ],
            [
              62.46378287226121,
              37.910407633107276
            ],
            [
              62.428100506334644,
              37.94146791100914
            ],
            [
              62.38916003706072,
              37.96992941192426
            ],
            [
              62.34725782492351,
              37.995575526645155
            ],
            [
              62.30271277105862,
              38.018211072753246
            ],
            [
              62.25586389022301,
              38.037663780074936
            ],
            [
              62.20706773068796,
              38.05378560176163
            ],
            [
              62.15669566069146,
              38.066453841015694
            ],
            [
              62.105131042101675,
              38.07557208488709
            ],
            [
              62.05276631280163,
              38.08107093803422
            ],
            [
              62.0,
              38.08290855086434
            ],
            [
              61.94723368719837,
              38.08107093803422
            ],
            [
              61.894868957898325,
              38.07557208488709
            ],
            [
              61.84330433930854,
              38.066453841015694
            ],
            [
              61.79293226931204,
              38.05378560176164
            ],
            [
              61.74413610977699,
              38.037663780074936
            ],
            [
              61.69728722894138,
              38.018211072753246
            ],
            [
              61.65274217507649,
              37.995575526645155
            ],
            [
              61.61083996293928,
              37.96992941192426
            ],
            [
              61.571899493665356,
              37.94146791100914
            ],
            [
              61.53621712773879,
              37.910407633107276
            ],
            [
              61.50406442950989,
              37.876984965688216
            ],
            [
              61.4756861004265,
              37.84145427543217
            ],
            [
              61.45129811670825,
              37.80408597234601
            ],
            [
              61.43108608563712,
              37.76516445177981
            ],
            [
              61.415203832973894,
              37.724985930006554
            ],
            [
              61.40377223225132,
              37.68385618983737
            ],
            [
              61.39687828485348,
              37.642088253429776
            ],
            [
              61.394574457882754,
              37.6
            ],
            [
              61.39687828485348,
              37.55791174657023
            ],
            [
              61.40377223225132,
              37.51614381016263
            ],
            [
              61.415203832973894,
              37.47501406999345
            ],
            [
              61.43108608563712,
              37.43483554822019
            ],
            [
              61.45129811670825,
              37.395914027653994
            ],
            [
              61.4756861004265,
              37.35854572456783
            ],
            [
              61.50406442950989,
              37.32301503431179
            ],
            [
              61.53621712773879,
              37.28959236689273
            ],
            [
              61.571899493665356,
              37.25853208899086
            ],
            [
              61.61083996293928,
              37.23007058807574
            ],
            [
              61.65274217507649,
              37.20442447335485
            ],
            [
              61.69728722894138,
              37.18178892724676
            ],
            [
              61.74413610977699,
              37.162336219925066
            ],
            [
              61.79293226931204,
              37.14621439823837
            ],
            [
              61.84330433930854,
              37.13354615898431
            ],
            [
              61.894868957898325,
              37.12442791511291
            ],
            [
              61.94723368719837,
              37.11892906196578
            ],
            [
              62.0,
              37.117091449135664
            ],
            [
              62.05276631280163,
              37.11892906196578
            ],
            [
              62.105131042101675,
              37.12442791511291
            ],
            [
              62.15669566069146,
              37.13354615898431
            ],
            [
              62.20706773068796,
              37.14621439823837
            ],
            [
              62.25586389022301,
              37.162336219925066
            ],
            [
              62.30271277105862,
              37.18178892724676
            ],
            [
              62.34725782492351,
              37.20442447335485
            ],
            [
              62.38916003706072,
              37.23007058807574
            ],
            [
              62.428100506334644,
              37.25853208899086
            ],
            [
              62.46378287226121,
              37.28959236689273
            ],
            [
              62.49593557049011,
              37.32301503431179
            ],
            [
              62.5243138995735,
              37.35854572456783
            ],
            [
              62.54870188329175,
              37.395914027653994
            ],
            [
              62.56891391436288,
              37.43483554822019
            ],
            [
              62.584796167026106,
              37.47501406999345
            ],
            [
              62.59622776774868,
              37.51614381016263
            ],
            [
              62.60312171514652,
              37.55791174657023
            ],
            [
              62.605425542117246,
              37.6
            ]
          ]
        ]
      }
    },
    {
      "type": "Feature",
      "properties": {
        "title": "Central Anatolia",
        "description": "Count: 3",
        "count": 3,
        "radius_km": 27.828232212847055,
        "style": {
          "fillOpacity": 0.3
        }
      },
      "geometry": {
        "type": "Polygon",
        "coordinates": [
          [
            [
              34.321669457436016,
              39.0
            ],
            [
              34.32044540803581,
              39.02193454381559
            ],
            [
              34.31678257559022,
              39.0437021525083
            ],
            [
              34.31070883646584,
              39.06513716143235
            ],
            [
              34.302270415484834,
              39.086076437227
            ],
            [
              34.291531534126115,
              39.106360619359975
            ],
            [
              34.27857392176115,
              39.12583533295733
            ],
            [
              34.263496193644045,
              39.14435236368942
            ],
            [
              34.24641310038996,
              39.1617707857715
            ],
            [
              34.227454654653606,
              39.17795803449398
            ],
            [
              34.206765141654465,
              39.19279091511997
            ],
            [
              34.184502021079126,
              39.20615654047156
            ],
            [
              34.16083472871801,
              39.21795319006944
            ],
            [
              34.13594338695668,
              39.22809108428715
            ],
            [
              34.11001743393576,
              39.236493067628274
            ],
            [
              34.08325418181224,
              39.24309519592633
            ],
            [
              34.055857315094876,
              39.247847222998494
            ],
            [
              34.02803534048207,
              39.2507129830494
            ],
            [
              34.0,
              39.25167066591465
            ],
            [
              33.97196465951793,
              39.2507129830494
            ],
            [
              33.944142684905124,
              39.247847222998494
            ],
            [
              33.91674581818776,
              39.24309519592633
            ],
            [
              33.88998256606424,
              39.236493067628274
            ],
            [
              33.86405661304332,
              39.22809108428715
            ],
            [
              33.83916527128199,
              39.21795319006944
            ],
            [
              33.815497978920874,
              39.20615654047156
            ],
            [
              33.793234858345535,
              39.19279091511997
            ],
            [
              33.772545345346394,
              39.17795803449398
            ],
            [
              33.75358689961004,
              39.1617707857715
            ],
            [
              33.736503806355955,
              39.14435236368942
            ],
            [
              33.72142607823885,
              39.12583533295733
            ],
            [
              33.708468465873885,
              39.106360619359975
            ],
            [
              33.697729584515166,
              39.086076437227
            ],
            [
              33.68929116353416,
              39.06513716143235
            ],
            [
              33.68321742440978,
              39.0437021525083
            ],
            [
              33.67955459196419,
              39.02193454381559
            ],
            [
              33.678330542563984,
              39.0
            ],
            [
              33.67955459196419,
              38.97806545618441
            ],
            [
              33.68321742440978,
              38.9562978474917
            ],
            [
              33.68929116353416,
              38.93486283856765
            ],
            [
              33.697729584515166,
              38.913923562773
            ],
            [
              33.708468465873885,
              38.893639380640025
            ],
            [
              33.72142607823885,
              38.87416466704267
            ],
            [
              33.736503806355955,
              38.85564763631058
            ],
            [
              33.75358689961004,
              38.8382292142285
            ],
            [
              33.772545345346394,
              38.82204196550602
            ],
            [
              33.793234858345535,
              38.80720908488003
            ],
            [
              33.815497978920874,
              38.79384345952844
            ],
            [
              33.83916527128199,
              38.78204680993056
            ],
            [
              33.86405661304332,
              38.77190891571285
            ],
            [
              33.88998256606424,
              38.763506932371726
            ],
            [
              33.91674581818776,
              38.75690480407367
            ],
            [
              33.944142684905124,
              38.752152777001506
            ],
            [
              33.97196465951793,
              38.7492870169506
            ],
            [
              34.0,
              38.74832933408535
            ],
            [
              34.02803534048207,
              38.7492870169506
            ],
            [
              34.055857315094876,
              38.752152777001506
            ],
            [
              34.08325418181224,
              38.75690480407367
            ],
            [
              34.11001743393576,
              38.763506932371726
            ],
            [
              34.13594338695668,
              38.77190891571285
            ],
            [
              34.16083472871801,
              38.78204680993056
            ],
            [
              34.184502021079126,
              38.79384345952844
            ],
            [
              34.206765141654465,
              38.80720908488003
            ],
            [
              34.227454654653606,
              38.82204196550601
            ],
            [
              34.24641310038996,
              38.8382292142285
            ],
            [
              34.263496193644045,
              38.85564763631058
            ],
            [
              34.27857392176115,
              38.87416466704267
            ],
            [
              34.291531534126115,
              38.893639380640025
            ],
            [
              34.302270415484834,
              38.913923562773
            ],
            [
              34.31070883646584,
              38.93486283856765
            ],
            [
              34.31678257559022,
              38.9562978474917
            ],
            [
              34.32044540803581,
              38.97806545618441
            ],
            [
              34.321669457436016,
              39.0
            ]
          ]
        ]
      }
    },
    {
      "type": "Feature",
      "properties": {
        "title": "Crete",
        "description": "Count: 41",
        "count": 41,
        "radius_km": 77.77865520830926,
        "style": {
          "fillOpacity": 0.3
        }
      },
      "geometry": {
        "type": "Polygon",
        "coordinates": [
          [
            [
              25.66476595984764,
              35.2401
            ],
            [
              25.661510653598185,
              35.30140606168352
            ],
            [
              25.651769509695985,
              35.36224554722003
            ],
            [
              25.635616664128,
              35.42215543138869
            ],
            [
              25.61317504980236,
              35.4806797637964
            ],
            [
              25.584615460954698,
              35.5373731389356
            ],
            [
              25.550155253300893,
              35.59180408598906
            ],
            [
              25.51005668982884,
              35.64355835258341
            ],
            [
              25.464624944818727,
              35.6922420574998
            ],
            [
              25.414205781282526,
              35.73748468834776
            ],
            [
              25.359182919498664,
              35.778941921388316
            ],
            [
              25.299975116669035,
              35.81629824204546
            ],
            [
              25.23703297992382,
              35.84926934616263
            ],
            [
              25.17083553692915,
              35.87760430372899
            ],
            [
              25.10188659019732,
              35.901087468608345
            ],
            [
              25.03071088284548,
              35.91954011973645
            ],
            [
              24.957850104983635,
              35.9328218212962
            ],
            [
              24.88385877112586,
              35.94083149151901
            ],
            [
              24.8093,
              35.943508171978124
            ],
            [
              24.734741228874142,
              35.94083149151901
            ],
            [
              24.660749895016366,
              35.9328218212962
            ],
            [
              24.58788911715452,
              35.91954011973645
            ],
            [
              24.51671340980268,
              35.901087468608345
            ],
            [
              24.447764463070854,
              35.87760430372899
            ],
            [
              24.38156702007618,
              35.84926934616263
            ],
            [
              24.318624883330966,
              35.81629824204546
            ],
            [
              24.259417080501336,
              35.778941921388316
            ],
            [
              24.204394218717475,
              35.73748468834776
            ],
            [
              24.153975055181274,
              35.6922420574998
            ],
            [
              24.10854331017116,
              35.64355835258341
            ],
            [
              24.068444746699107,
              35.59180408598906
            ],
            [
              24.033984539045303,
              35.5373731389356
            ],
            [
              24.00542495019764,
              35.4806797637964
            ],
            [
              23.982983335872,
              35.42215543138869
            ],
            [
              23.966830490304016,
              35.36224554722003
            ],
            [
              23.957089346401816,
              35.30140606168352
            ],
            [
              23.953834040152362,
              35.2401
            ],
            [
              23.957089346401816,
              35.178793938316474
            ],
            [
              23.966830490304016,
              35.11795445277997
            ],
            [
              23.982983335872,
              35.05804456861131
            ],
            [
              24.00542495019764,
              34.999520236203594
            ],
            [
              24.033984539045303,
              34.9428268610644
            ],
            [
              24.068444746699107,
              34.888395914010935
            ],
            [
              24.10854331017116,
              34.836641647416585
            ],
            [
              24.153975055181274,
              34.7879579425002
            ],
            [
              24.204394218717475,
              34.74271531165223
            ],
            [
              24.259417080501336,
              34.70125807861168
            ],
            [
              24.318624883330966,
              34.663901757954534
            ],
            [
              24.38156702007618,
              34.63093065383737
            ],
            [
              24.447764463070854,
              34.60259569627101
            ],
            [
              24.51671340980268,
              34.57911253139165
            ],
            [
              24.587889117154525,
              34.56065988026354
            ],
            [
              24.660749895016366,
              34.547378178703795
            ],
            [
              24.734741228874142,
              34.53936850848098
            ],
            [
              24.8093,
              34.53669182802187
            ],
            [
              24.88385877112586,
              34.53936850848098
            ],
            [
              24.957850104983635,
              34.547378178703795
            ],
            [
              25.030710882845476,
              34.56065988026354
            ],
            [
              25.10188659019732,
              34.57911253139165
            ],
            [
              25.170835536929147,
              34.60259569627101
            ],
            [
              25.23703297992382,
              34.63093065383737
            ],
            [
              25.299975116669035,
              34.663901757954534
            ],
            [
              25.359182919498664,
              34.70125807861168
            ],
            [
              25.414205781282526,
              34.74271531165223
            ],
            [
              25.464624944818727,
              34.7879579425002
            ],
            [
              25.51005668982884,
              34.83664164741658
            ],
            [
              25.550155253300893,
              34.888395914010935
            ],
            [
              25.584615460954698,
              34.9428268610644
            ],
            [
              25.61317504980236,
              34.999520236203594
            ],
            [
              25.635616664128,
              35.05804456861131
            ],
            [
              25.651769509695985,
              35.11795445277997
            ],
            [
              25.661510653598185,
              35.178793938316474
            ],
            [
              25.66476595984764,
              35.2401
            ]
          ]
        ]
      }
    },
    {
      "type": "Feature",
      "properties": {
        "title": "Cyprus",
        "description": "Count: 161",
        "count": 161,
        "radius_km": 144.99255280979716,
        "style": {
          "fillOpacity": 0.3
        }
      },
      "geometry": {
        "type": "Polygon",
        "coordinates": [
          [
            [
              35.02149577391332,
              35.126
            ],
            [
              35.01543584670596,
              35.24028485568955
            ],
            [
              34.997302184789014,
              35.35369993462023
            ],
            [
              34.96723279627907,
              35.46538207955946
            ],
            [
              34.92545652737909,
              35.57448132194875
            ],
            [
              34.8722913207206,
              35.68016735067758
            ],
            [
              34.808141795628295,
              35.78163583125236
            ],
            [
              34.733496168722674,
              35.87811452726757
            ],
            [
              34.64892253829676,
              35.9688691775911
            ],
            [
              34.55506456074503,
              36.05320908453484
            ],
            [
              34.45263655194966,
              36.13049237048112
            ],
            [
              34.3424180509053,
              36.200130862958964
            ],
            [
              34.22524788695666,
              36.26159457099174
            ],
            [
              34.102017795800656,
              36.31441571864852
            ],
            [
              33.97366563283936,
              36.358192305101355
            ],
            [
              33.84116823553405,
              36.39259116409431
            ],
            [
              33.70553398908234,
              36.41735049953986
            ],
            [
              33.56779515199793,
              36.43228187794515
            ],
            [
              33.429,
              36.43727166250472
            ],
            [
              33.29020484800208,
              36.43228187794515
            ],
            [
              33.152466010917664,
              36.41735049953986
            ],
            [
              33.016831764465955,
              36.39259116409431
            ],
            [
              32.88433436716065,
              36.358192305101355
            ],
            [
              32.75598220419935,
              36.31441571864852
            ],
            [
              32.632752113043345,
              36.26159457099174
            ],
            [
              32.5155819490947,
              36.200130862958964
            ],
            [
              32.405363448050345,
              36.13049237048112
            ],
            [
              32.30293543925497,
              36.05320908453484
            ],
            [
              32.209077461703245,
              35.9688691775911
            ],
            [
              32.12450383127733,
              35.87811452726757
            ],
            [
              32.04985820437171,
              35.78163583125236
            ],
            [
              31.985708679279405,
              35.68016735067758
            ],
            [
              31.932543472620914,
              35.57448132194875
            ],
            [
              31.89076720372093,
              35.46538207955947
            ],
            [
              31.86069781521099,
              35.35369993462023
            ],
            [
              31.84256415329404,
              35.24028485568955
            ],
            [
              31.836504226086685,
              35.126
            ],
            [
              31.84256415329404,
              35.01171514431044
            ],
            [
              31.86069781521099,
              34.898300065379765
            ],
            [
              31.89076720372093,
              34.786617920440534
            ],
            [
              31.932543472620914,
              34.67751867805124
            ],
            [
              31.985708679279405,
              34.57183264932242
            ],
            [
              32.04985820437171,
              34.470364168747636
            ],
            [
              32.12450383127733,
              34.373885472732425
            ],
            [
              32.209077461703245,
              34.28313082240889
            ],
            [
              32.30293543925497,
              34.19879091546515
            ],
            [
              32.405363448050345,
              34.121507629518874
            ],
            [
              32.5155819490947,
              34.05186913704103
            ],
            [
              32.632752113043345,
              33.990405429008256
            ],
            [
              32.75598220419935,
              33.93758428135148
            ],
            [
              32.88433436716065,
              33.89380769489864
            ],
            [
              33.016831764465955,
              33.85940883590568
            ],
            [
              33.152466010917664,
              33.83464950046014
            ],
            [
              33.29020484800208,
              33.819718122054844
            ],
            [
              33.429,
              33.814728337495275
            ],
            [
              33.56779515199792,
              33.819718122054844
            ],
            [
              33.70553398908234,
              33.83464950046014
            ],
            [
              33.84116823553405,
              33.85940883590568
            ],
            [
              33.97366563283936,
              33.89380769489864
            ],
            [
              34.102017795800656,
              33.93758428135148
            ],
            [
              34.22524788695666,
              33.990405429008256
            ],
            [
              34.3424180509053,
              34.05186913704103
            ],
            [
              34.45263655194966,
              34.121507629518874
            ],
            [
              34.55506456074503,
              34.19879091546515
            ],
            [
              34.64892253829676,
              34.28313082240889
            ],
            [
              34.733496168722674,
              34.373885472732425
            ],
            [
              34.808141795628295,
              34.470364168747636
            ],
            [
              34.8722913207206,
              34.57183264932242
            ],
            [
              34.92545652737909,
              34.67751867805124
            ],
            [
              34.96723279627907,
              34.786617920440534
            ],
            [
              34.997302184789014,
              34.898300065379765
            ],
            [
              35.01543584670596,
              35.01171514431044
            ],
            [
              35.02149577391332,
              35.126
            ]
          ]
        ]
      }
    },
    {
      "type": "Feature",
      "properties": {
        "title": "Egypt",
        "description": "Count: 9",
        "count": 9,
        "radius_km": 41.3871281389455,
        "style": {
          "fillOpacity": 0.3
        }
      },
      "geometry": {
        "type": "Polygon",
        "coordinates": [
          [
            [
              31.21910168433772,
              26.8206
            ],
            [
              31.217516389153328,
              26.853221826949756
            ],
            [
              31.21277256865373,
              26.885595382098824
            ],
            [
              31.20490632617733,
              26.917474283144838
            ],
            [
              31.193977528579136,
              26.948615912401827
            ],
            [
              31.18006935060786,
              26.97878326326732
            ],
            [
              31.16328764189585,
              27.00774674398568
            ],
            [
              31.14376012137948,
              27.035285924980016
            ],
            [
              31.121635405280916,
              27.06119121645435
            ],
            [
              31.09708187604894,
              27.085265463498516
            ],
            [
              31.070286400866827,
              27.107325446556082
            ],
            [
              31.04145290948027,
              27.127203275835797
            ],
            [
              31.01080084216886,
              27.144747669054283
            ],
            [
              30.978563479673053,
              27.159825102785554
            ],
            [
              30.9449861677869,
              27.172320828654907
            ],
            [
              30.91032445012839,
              27.182139746643355
            ],
            [
              30.87484212329822,
              27.18920712885618
            ],
            [
              30.838809229228378,
              27.193469188247338
            ],
            [
              30.8025,
              27.194893487971363
            ],
            [
              30.76619077077162,
              27.193469188247338
            ],
            [
              30.730157876701778,
              27.18920712885618
            ],
            [
              30.694675549871608,
              27.182139746643355
            ],
            [
              30.660013832213096,
              27.172320828654907
            ],
            [
              30.626436520326944,
              27.159825102785554
            ],
            [
              30.594199157831138,
              27.144747669054283
            ],
            [
              30.563547090519727,
              27.127203275835797
            ],
            [
              30.53471359913317,
              27.107325446556082
            ],
            [
              30.507918123951058,
              27.085265463498516
            ],
            [
              30.48336459471908,
              27.06119121645435
            ],
            [
              30.461239878620518,
              27.035285924980016
            ],
            [
              30.441712358104148,
              27.00774674398568
            ],
            [
              30.424930649392138,
              26.97878326326732
            ],
            [
              30.41102247142086,
              26.94861591240183
            ],
            [
              30.400093673822667,
              26.917474283144838
            ],
            [
              30.392227431346267,
              26.885595382098824
            ],
            [
              30.38748361084667,
              26.853221826949756
            ],
            [
              30.385898315662278,
              26.8206
            ],
            [
              30.38748361084667,
              26.78797817305024
            ],
            [
              30.392227431346267,
              26.755604617901174
            ],
            [
              30.400093673822667,
              26.72372571685516
            ],
            [
              30.41102247142086,
              26.69258408759817
            ],
            [
              30.424930649392138,
              26.662416736732677
            ],
            [
              30.441712358104148,
              26.633453256014317
            ],
            [
              30.461239878620518,
              26.60591407501998
            ],
            [
              30.48336459471908,
              26.580008783545647
            ],
            [
              30.507918123951058,
              26.555934536501482
            ],
            [
              30.53471359913317,
              26.533874553443916
            ],
            [
              30.563547090519727,
              26.5139967241642
            ],
            [
              30.594199157831138,
              26.496452330945715
            ],
            [
              30.626436520326944,
              26.481374897214444
            ],
            [
              30.660013832213096,
              26.46887917134509
            ],
            [
              30.694675549871608,
              26.459060253356643
            ],
            [
              30.730157876701778,
              26.45199287114382
            ],
            [
              30.76619077077162,
              26.44773081175266
            ],
            [
              30.8025,
              26.446306512028634
            ],
            [
              30.838809229228378,
              26.44773081175266
            ],
            [
              30.87484212329822,
              26.45199287114382
            ],
            [
              30.91032445012839,
              26.459060253356643
            ],
            [
              30.9449861677869,
              26.46887917134509
            ],
            [
              30.978563479673053,
              26.481374897214444
            ],
            [
              31.01080084216886,
              26.496452330945715
            ],
            [
              31.04145290948027,
              26.5139967241642
            ],
            [
              31.070286400866827,
              26.533874553443916
            ],
            [
              31.09708187604894,
              26.555934536501482
            ],
            [
              31.121635405280916,
              26.580008783545647
            ],
            [
              31.14376012137948,
              26.60591407501998
            ],
            [
              31.16328764189585,
              26.633453256014317
            ],
            [
              31.18006935060786,
              26.662416736732677
            ],
            [
              31.193977528579136,
              26.692584087598167
            ],
            [
              31.20490632617733,
              26.72372571685516
            ],
            [
              31.21277256865373,
              26.755604617901174
            ],
            [
              31.217516389153328,
              26.78797817305024
            ],
            [
              31.21910168433772,
              26.8206
            ]
          ]
        ]
      }
    },
    {
      "type": "Feature",
      "properties": {
        "title": "France",
        "description": "Count: 1",
        "count": 1,
        "radius_km": 20.0,
        "style": {
          "fillOpacity": 0.3
        }
      },
      "geometry": {
        "type": "Polygon",
        "coordinates": [
          [
            [
              2.4734042874332545,
              46.2276
            ],
            [
              2.472416034212703,
              46.24336423802117
            ],
            [
              2.46945879575478,
              46.2590085006723
            ],
            [
              2.46455507842978,
              46.27441372566834
            ],
            [
              2.4577422024874918,
              46.28946266994514
            ],
            [
              2.4490720180275627,
              46.30404080194995
            ],
            [
              2.438610510388934,
              46.318037173295714
            ],
            [
              2.426437297961566,
              46.33134526314524
            ],
            [
              2.4126450262424184,
              46.34386378889912
            ],
            [
              2.3973386627472744,
              46.35549747701749
            ],
            [
              2.3806346981445676,
              46.366157788109135
            ],
            [
              2.3626602596910535,
              46.3757635907698
            ],
            [
              2.343552143716627,
              46.38424177904108
            ],
            [
              2.3234557745216486,
              46.39152782879098
            ],
            [
              2.3025240976102124,
              46.397566288781434
            ],
            [
              2.2809164156825052,
              46.402311202685816
            ],
            [
              2.258797176245073,
              46.405726458844256
            ],
            [
              2.2363347200659964,
              46.40778606509519
            ],
            [
              2.2137,
              46.408474346591426
            ],
            [
              2.191065279934003,
              46.40778606509519
            ],
            [
              2.1686028237549264,
              46.405726458844256
            ],
            [
              2.1464835843174943,
              46.402311202685816
            ],
            [
              2.124875902389787,
              46.397566288781434
            ],
            [
              2.103944225478351,
              46.39152782879098
            ],
            [
              2.0838478562833727,
              46.38424177904108
            ],
            [
              2.064739740308946,
              46.3757635907698
            ],
            [
              2.046765301855432,
              46.366157788109135
            ],
            [
              2.030061337252725,
              46.35549747701749
            ],
            [
              2.014754973757581,
              46.34386378889912
            ],
            [
              2.000962702038433,
              46.33134526314524
            ],
            [
              1.9887894896110656,
              46.318037173295714
            ],
            [
              1.9783279819724366,
              46.30404080194995
            ],
            [
              1.9696577975125078,
              46.28946266994514
            ],
            [
              1.9628449215702197,
              46.27441372566834
            ],
            [
              1.9579412042452198,
              46.2590085006723
            ],
            [
              1.9549839657872967,
              46.24336423802117
            ],
            [
              1.953995712566745,
              46.2276
            ],
            [
              1.9549839657872967,
              46.21183576197883
            ],
            [
              1.9579412042452198,
              46.1961914993277
            ],
            [
              1.9628449215702195,
              46.180786274331666
            ],
            [
              1.9696577975125078,
              46.16573733005487
            ],
            [
              1.9783279819724366,
              46.15115919805005
            ],
            [
              1.9887894896110656,
              46.13716282670429
            ],
            [
              2.000962702038433,
              46.12385473685477
            ],
            [
              2.014754973757581,
              46.111336211100884
            ],
            [
              2.030061337252725,
              46.09970252298252
            ],
            [
              2.046765301855432,
              46.08904221189087
            ],
            [
              2.0647397403089456,
              46.079436409230205
            ],
            [
              2.083847856283372,
              46.07095822095892
            ],
            [
              2.103944225478351,
              46.06367217120903
            ],
            [
              2.124875902389787,
              46.05763371121857
            ],
            [
              2.1464835843174943,
              46.05288879731419
            ],
            [
              2.1686028237549264,
              46.04947354115575
            ],
            [
              2.191065279934003,
              46.04741393490482
            ],
            [
              2.2137,
              46.04672565340858
            ],
            [
              2.2363347200659964,
              46.04741393490482
            ],
            [
              2.258797176245073,
              46.04947354115575
            ],
            [
              2.2809164156825052,
              46.05288879731419
            ],
            [
              2.3025240976102124,
              46.05763371121857
            ],
            [
              2.3234557745216486,
              46.06367217120903
            ],
            [
              2.343552143716627,
              46.07095822095892
            ],
            [
              2.3626602596910535,
              46.079436409230205
            ],
            [
              2.3806346981445676,
              46.08904221189087
            ],
            [
              2.3973386627472744,
              46.09970252298252
            ],
            [
              2.4126450262424184,
              46.111336211100884
            ],
            [
              2.426437297961566,
              46.12385473685477
            ],
            [
              2.438610510388934,
              46.13716282670429
            ],
            [
              2.4490720180275627,
              46.15115919805005
            ],
            [
              2.4577422024874918,
              46.16573733005487
            ],
            [
              2.46455507842978,
              46.180786274331666
            ],
            [
              2.46945879575478,
              46.1961914993277
            ],
            [
              2.472416034212703,
              46.21183576197883
            ],
            [
              2.4734042874332545,
              46.2276
            ]
          ]
        ]
      }
    },
    {
      "type": "Feature",
      "properties": {
        "title": "Germany",
        "description": "Count: 2",
        "count": 2,
        "radius_km": 24.42941926768124,
        "style": {
          "fillOpacity": 0.3
        }
      },
      "geometry": {
        "type": "Polygon",
        "coordinates": [
          [
            [
              10.80146430451881,
              51.1657
            ],
            [
              10.800132584683002,
              51.18495555900274
            ],
            [
              10.796147560367649,
              51.20406457157464
            ],
            [
              10.78953956001401,
              51.2228816065917
            ],
            [
              10.780358874494798,
              51.241263455055396
            ],
            [
              10.768675374370263,
              51.25907021999966
            ],
            [
              10.754577978131042,
              51.276166381191246
            ],
            [
              10.738173975474757,
              51.29242182652054
            ],
            [
              10.71958821076663,
              51.307712842233286
            ],
            [
              10.698962132898483,
              51.321923054466936
            ],
            [
              10.676452718777258,
              51.334944314926034
            ],
            [
              10.65223127863597,
              51.34667752395603
            ],
            [
              10.626482152259404,
              51.35703338475151
            ],
            [
              10.599401306047032,
              51.36593308295877
            ],
            [
              10.57119484159039,
              51.37330888650067
            ],
            [
              10.542077427115526,
              51.37910466105863
            ],
            [
              10.512270663728165,
              51.38327629728868
            ],
            [
              10.482001398895504,
              51.3857920465202
            ],
            [
              10.4515,
              51.38663276238249
            ],
            [
              10.420998601104495,
              51.3857920465202
            ],
            [
              10.390729336271834,
              51.38327629728868
            ],
            [
              10.360922572884473,
              51.37910466105863
            ],
            [
              10.331805158409608,
              51.37330888650067
            ],
            [
              10.303598693952967,
              51.36593308295877
            ],
            [
              10.276517847740594,
              51.35703338475151
            ],
            [
              10.250768721364029,
              51.34667752395603
            ],
            [
              10.226547281222741,
              51.334944314926034
            ],
            [
              10.204037867101516,
              51.321923054466936
            ],
            [
              10.183411789233368,
              51.307712842233286
            ],
            [
              10.164826024525242,
              51.29242182652054
            ],
            [
              10.148422021868956,
              51.276166381191246
            ],
            [
              10.134324625629736,
              51.25907021999966
            ],
            [
              10.1226411255052,
              51.241263455055396
            ],
            [
              10.113460439985989,
              51.2228816065917
            ],
            [
              10.10685243963235,
              51.20406457157464
            ],
            [
              10.102867415316997,
              51.18495555900274
            ],
            [
              10.10153569548119,
              51.1657
            ],
            [
              10.102867415316997,
              51.146444440997264
            ],
            [
              10.10685243963235,
              51.12733542842536
            ],
            [
              10.113460439985989,
              51.1085183934083
            ],
            [
              10.1226411255052,
              51.090136544944606
            ],
            [
              10.134324625629736,
              51.072329780000345
            ],
            [
              10.148422021868956,
              51.05523361880876
            ],
            [
              10.164826024525242,
              51.038978173479464
            ],
            [
              10.183411789233368,
              51.023687157766716
            ],
            [
              10.204037867101516,
              51.009476945533066
            ],
            [
              10.226547281222741,
              50.99645568507397
            ],
            [
              10.250768721364029,
              50.98472247604397
            ],
            [
              10.276517847740594,
              50.97436661524849
            ],
            [
              10.303598693952967,
              50.96546691704123
            ],
            [
              10.331805158409608,
              50.95809111349933
            ],
            [
              10.360922572884473,
              50.95229533894137
            ],
            [
              10.390729336271834,
              50.94812370271132
            ],
            [
              10.420998601104495,
              50.9456079534798
            ],
            [
              10.4515,
              50.94476723761751
            ],
            [
              10.482001398895504,
              50.9456079534798
            ],
            [
              10.512270663728165,
              50.94812370271132
            ],
            [
              10.542077427115526,
              50.95229533894137
            ],
            [
              10.57119484159039,
              50.95809111349933
            ],
            [
              10.599401306047032,
              50.96546691704123
            ],
            [
              10.626482152259404,
              50.97436661524849
            ],
            [
              10.65223127863597,
              50.98472247604397
            ],
            [
              10.676452718777258,
              50.99645568507397
            ],
            [
              10.698962132898483,
              51.009476945533066
            ],
            [
              10.71958821076663,
              51.023687157766716
            ],
            [
              10.738173975474757,
              51.038978173479464
            ],
            [
              10.754577978131042,
              51.05523361880876
            ],
            [
              10.768675374370263,
              51.072329780000345
            ],
            [
              10.780358874494798,
              51.090136544944606
            ],
            [
              10.78953956001401,
              51.1085183934083
            ],
            [
              10.796147560367649,
              51.12733542842536
            ],
            [
              10.800132584683002,
              51.146444440997264
            ],
            [
              10.80146430451881,
              51.1657
            ]
          ]
        ]
      }
    },
    {
      "type": "Feature",
      "properties": {
        "title": "Greece",
        "description": "Count: 263",
        "count": 263,
        "radius_km": 182.7269023973852,
        "style": {
          "fillOpacity": 0.3
        }
      },
      "geometry": {
        "type": "Polygon",
        "coordinates": [
          [
            [
              23.938678563887883,
              39.0742
            ],
            [
              23.93063271510395,
              39.2182275191132
            ],
            [
              23.906556402519605,
              39.36115890183975
            ],
            [
              23.866632861411297,
              39.501906354052785
            ],
            [
              23.81116593403335,
              39.63939870265531
            ],
            [
              23.74057775719496,
              39.77258954785433
            ],
            [
              23.655405549544167,
              39.900465226895044
            ],
            [
              23.556297523009583,
              40.02205252864649
            ],
            [
              23.444007949516198,
              40.13642610032594
            ],
            [
              23.319391420520596,
              40.24271548999225
            ],
            [
              23.18339634305395,
              40.34011177121078
            ],
            [
              23.037057721771856,
              40.42787369947197
            ],
            [
              22.881489281943942,
              40.50533335350964
            ],
            [
              22.717874993332096,
              40.57190121858516
            ],
            [
              22.547460059465656,
              40.62707067305053
            ],
            [
              22.371541440890702,
              40.67042184404504
            ],
            [
              22.191457984517154,
              40.70162480298126
            ],
            [
              22.008580234185377,
              40.72044207650083
            ],
            [
              21.8243,
              40.72673045379008
            ],
            [
              21.640019765814625,
              40.72044207650083
            ],
            [
              21.457142015482848,
              40.70162480298126
            ],
            [
              21.2770585591093,
              40.67042184404504
            ],
            [
              21.101139940534345,
              40.62707067305053
            ],
            [
              20.930725006667906,
              40.57190121858516
            ],
            [
              20.76711071805606,
              40.50533335350964
            ],
            [
              20.611542278228146,
              40.42787369947197
            ],
            [
              20.465203656946052,
              40.34011177121078
            ],
            [
              20.329208579479406,
              40.24271548999225
            ],
            [
              20.204592050483804,
              40.13642610032594
            ],
            [
              20.09230247699042,
              40.02205252864649
            ],
            [
              19.993194450455835,
              39.900465226895044
            ],
            [
              19.908022242805043,
              39.77258954785433
            ],
            [
              19.83743406596665,
              39.63939870265531
            ],
            [
              19.781967138588705,
              39.501906354052785
            ],
            [
              19.742043597480396,
              39.36115890183975
            ],
            [
              19.71796728489605,
              39.2182275191132
            ],
            [
              19.70992143611212,
              39.0742
            ],
            [
              19.71796728489605,
              38.930172480886796
            ],
            [
              19.742043597480396,
              38.787241098160244
            ],
            [
              19.781967138588705,
              38.64649364594721
            ],
            [
              19.83743406596665,
              38.50900129734468
            ],
            [
              19.908022242805043,
              38.375810452145664
            ],
            [
              19.993194450455835,
              38.24793477310495
            ],
            [
              20.09230247699042,
              38.126347471353505
            ],
            [
              20.204592050483804,
              38.011973899674054
            ],
            [
              20.329208579479403,
              37.905684510007745
            ],
            [
              20.46520365694605,
              37.808288228789216
            ],
            [
              20.611542278228146,
              37.72052630052803
            ],
            [
              20.76711071805606,
              37.643066646490354
            ],
            [
              20.930725006667906,
              37.576498781414834
            ],
            [
              21.101139940534345,
              37.52132932694946
            ],
            [
              21.2770585591093,
              37.47797815595496
            ],
            [
              21.457142015482848,
              37.44677519701874
            ],
            [
              21.640019765814625,
              37.427957923499164
            ],
            [
              21.8243,
              37.42166954620991
            ],
            [
              22.008580234185377,
              37.427957923499164
            ],
            [
              22.191457984517154,
              37.44677519701874
            ],
            [
              22.371541440890702,
              37.47797815595496
            ],
            [
              22.547460059465656,
              37.52132932694946
            ],
            [
              22.717874993332092,
              37.576498781414834
            ],
            [
              22.881489281943942,
              37.643066646490354
            ],
            [
              23.037057721771856,
              37.72052630052803
            ],
            [
              23.18339634305395,
              37.808288228789216
            ],
            [
              23.319391420520596,
              37.905684510007745
            ],
            [
              23.444007949516198,
              38.011973899674054
            ],
            [
              23.556297523009583,
              38.1263474713535
            ],
            [
              23.655405549544167,
              38.24793477310495
            ],
            [
              23.74057775719496,
              38.375810452145664
            ],
            [
              23.81116593403335,
              38.509001297344675
            ],
            [
              23.866632861411297,
              38.64649364594721
            ],
            [
              23.906556402519605,
              38.787241098160244
            ],
            [
              23.93063271510395,
              38.930172480886796
            ],
            [
              23.938678563887883,
              39.0742
            ]
          ]
        ]
      }
    },
    {
      "type": "Feature",
      "properties": {
        "title": "Iran",
        "description": "Count: 12",
        "count": 12,
        "radius_km": 46.35002849516686,
        "style": {
          "fillOpacity": 0.3
        }
      },
      "geometry": {
        "type": "Polygon",
        "coordinates": [
          [
            [
              54.18128730045981,
              32.4279
            ],
            [
              54.179410193354045,
              32.4644336440743
            ],
            [
              54.17379315795528,
              32.50068924505757
            ],
            [
              54.16447894329454,
              32.536390875934615
            ],
            [
              54.15153843616948,
              32.571266825737204
            ],
            [
              54.13507012165301,
              32.60505166742868
            ],
            [
              54.11519933356244,
              32.63748827796393
            ],
            [
              54.092077300593445,
              32.668329795151
            ],
            [
              54.065879995378396,
              32.6973414964215
            ],
            [
              54.03680679522834,
              32.724302585211014
            ],
            [
              54.005078964751284,
              32.74900787135429
            ],
            [
              53.97093797189496,
              32.771269332706325
            ],
            [
              53.9346436502299,
              32.790917546104396
            ],
            [
              53.896472221459085,
              32.80780297678062
            ],
            [
              53.856714193204,
              32.82179711641186
            ],
            [
              53.815672148066206,
              32.83279346114562
            ],
            [
              53.77365844079109,
              32.84070832215871
            ],
            [
              53.730992821059566,
              32.84548146257969
            ],
            [
              53.688,
              32.847076555927856
            ],
            [
              53.64500717894044,
              32.84548146257969
            ],
            [
              53.60234155920892,
              32.84070832215871
            ],
            [
              53.5603278519338,
              32.83279346114562
            ],
            [
              53.519285806796006,
              32.82179711641186
            ],
            [
              53.47952777854092,
              32.80780297678062
            ],
            [
              53.4413563497701,
              32.790917546104396
            ],
            [
              53.40506202810504,
              32.771269332706325
            ],
            [
              53.37092103524872,
              32.74900787135429
            ],
            [
              53.33919320477167,
              32.724302585211014
            ],
            [
              53.31012000462161,
              32.6973414964215
            ],
            [
              53.28392269940656,
              32.668329795151
            ],
            [
              53.26080066643757,
              32.63748827796393
            ],
            [
              53.240929878346996,
              32.60505166742868
            ],
            [
              53.22446156383052,
              32.571266825737204
            ],
            [
              53.211521056705465,
              32.536390875934615
            ],
            [
              53.202206842044724,
              32.50068924505757
            ],
            [
              53.19658980664596,
              32.4644336440743
            ],
            [
              53.1947126995402,
              32.4279
            ],
            [
              53.19658980664596,
              32.391366355925705
            ],
            [
              53.202206842044724,
              32.35511075494243
            ],
            [
              53.211521056705465,
              32.31940912406539
            ],
            [
              53.22446156383052,
              32.2845331742628
            ],
            [
              53.240929878346996,
              32.25074833257132
            ],
            [
              53.26080066643757,
              32.21831172203607
            ],
            [
              53.28392269940656,
              32.187470204849
            ],
            [
              53.31012000462161,
              32.1584585035785
            ],
            [
              53.33919320477167,
              32.13149741478899
            ],
            [
              53.37092103524872,
              32.106792128645715
            ],
            [
              53.40506202810504,
              32.08453066729368
            ],
            [
              53.4413563497701,
              32.064882453895606
            ],
            [
              53.47952777854092,
              32.04799702321938
            ],
            [
              53.519285806796006,
              32.034002883588144
            ],
            [
              53.5603278519338,
              32.02300653885438
            ],
            [
              53.60234155920892,
              32.01509167784129
            ],
            [
              53.64500717894044,
              32.01031853742031
            ],
            [
              53.688,
              32.008723444072146
            ],
            [
              53.730992821059566,
              32.01031853742031
            ],
            [
              53.77365844079109,
              32.01509167784129
            ],
            [
              53.815672148066206,
              32.02300653885438
            ],
            [
              53.856714193204,
              32.034002883588144
            ],
            [
              53.896472221459085,
              32.04799702321938
            ],
            [
              53.9346436502299,
              32.064882453895606
            ],
            [
              53.97093797189496,
              32.08453066729368
            ],
            [
              54.005078964751284,
              32.106792128645715
            ],
            [
              54.03680679522834,
              32.13149741478899
            ],
            [
              54.065879995378396,
              32.1584585035785
            ],
            [
              54.092077300593445,
              32.18747020484899
            ],
            [
              54.11519933356244,
              32.21831172203607
            ],
            [
              54.13507012165301,
              32.25074833257132
            ],
            [
              54.15153843616948,
              32.2845331742628
            ],
            [
              54.16447894329454,
              32.31940912406539
            ],
            [
              54.17379315795528,
              32.35511075494243
            ],
            [
              54.179410193354045,
              32.391366355925705
            ],
            [
              54.18128730045981,
              32.4279
            ]
          ]
        ]
      }
    },
    {
      "type": "Feature",
      "properties": {
        "title": "Iran (?)",
        "description": "Count: 2",
        "count": 2,
        "radius_km": 24.42941926768124,
        "style": {
          "fillOpacity": 0.3
        }
      },
      "geometry": {
        "type": "Polygon",
        "coordinates": [
          [
            [
              53.947993848409645,
              32.4279
            ],
            [
              53.94700449332216,
              32.44715555900274
            ],
            [
              53.9440439576493,
              32.46626457157464
            ],
            [
              53.93913477285516,
              32.4850816065917
            ],
            [
              53.93231430080028,
              32.503463455055396
            ],
            [
              53.923634449395294,
              32.52127021999966
            ],
            [
              53.91316127755044,
              32.538366381191246
            ],
            [
              53.90097449242732,
              32.55462182652054
            ],
            [
              53.887166842819326,
              32.569912842233286
            ],
            [
              53.87184341327725,
              32.584123054466936
            ],
            [
              53.85512082435244,
              32.597144314926034
            ],
            [
              53.837126345044,
              32.60887752395603
            ],
            [
              53.81799692420483,
              32.61923338475151
            ],
            [
              53.79787814827816,
              32.62813308295877
            ],
            [
              53.77692313329686,
              32.63550888650067
            ],
            [
              53.75529135957792,
              32.64130466105863
            ],
            [
              53.73314745798095,
              32.64547629728868
            ],
            [
              53.710659956967966,
              32.6479920465202
            ],
            [
              53.688,
              32.64883276238249
            ],
            [
              53.66534004303204,
              32.6479920465202
            ],
            [
              53.64285254201906,
              32.64547629728868
            ],
            [
              53.62070864042209,
              32.64130466105863
            ],
            [
              53.59907686670314,
              32.63550888650067
            ],
            [
              53.578121851721846,
              32.62813308295877
            ],
            [
              53.55800307579518,
              32.61923338475151
            ],
            [
              53.53887365495601,
              32.60887752395603
            ],
            [
              53.520879175647565,
              32.597144314926034
            ],
            [
              53.50415658672276,
              32.584123054466936
            ],
            [
              53.48883315718068,
              32.569912842233286
            ],
            [
              53.47502550757268,
              32.55462182652054
            ],
            [
              53.46283872244957,
              32.538366381191246
            ],
            [
              53.45236555060471,
              32.52127021999966
            ],
            [
              53.443685699199726,
              32.503463455055396
            ],
            [
              53.43686522714484,
              32.4850816065917
            ],
            [
              53.431956042350706,
              32.46626457157464
            ],
            [
              53.42899550667784,
              32.44715555900274
            ],
            [
              53.42800615159036,
              32.4279
            ],
            [
              53.42899550667784,
              32.408644440997264
            ],
            [
              53.431956042350706,
              32.38953542842536
            ],
            [
              53.43686522714484,
              32.3707183934083
            ],
            [
              53.443685699199726,
              32.352336544944606
            ],
            [
              53.45236555060471,
              32.334529780000345
            ],
            [
              53.46283872244957,
              32.31743361880876
            ],
            [
              53.47502550757268,
              32.301178173479464
            ],
            [
              53.48883315718068,
              32.285887157766716
            ],
            [
              53.50415658672276,
              32.271676945533066
            ],
            [
              53.520879175647565,
              32.25865568507397
            ],
            [
              53.53887365495601,
              32.24692247604397
            ],
            [
              53.55800307579518,
              32.23656661524849
            ],
            [
              53.578121851721846,
              32.22766691704123
            ],
            [
              53.59907686670314,
              32.22029111349933
            ],
            [
              53.62070864042209,
              32.21449533894137
            ],
            [
              53.64285254201906,
              32.21032370271132
            ],
            [
              53.66534004303204,
              32.2078079534798
            ],
            [
              53.688,
              32.20696723761751
            ],
            [
              53.710659956967966,
              32.2078079534798
            ],
            [
              53.73314745798095,
              32.21032370271132
            ],
            [
              53.75529135957792,
              32.21449533894137
            ],
            [
              53.77692313329686,
              32.22029111349933
            ],
            [
              53.79787814827816,
              32.22766691704123
            ],
            [
              53.81799692420483,
              32.23656661524849
            ],
            [
              53.837126345044,
              32.24692247604397
            ],
            [
              53.85512082435244,
              32.25865568507397
            ],
            [
              53.87184341327725,
              32.271676945533066
            ],
            [
              53.887166842819326,
              32.285887157766716
            ],
            [
              53.90097449242732,
              32.301178173479464
            ],
            [
              53.91316127755044,
              32.31743361880876
            ],
            [
              53.923634449395294,
              32.334529780000345
            ],
            [
              53.93231430080028,
              32.352336544944606
            ],
            [
              53.93913477285516,
              32.3707183934083
            ],
            [
              53.9440439576493,
              32.38953542842536
            ],
            [
              53.94700449332216,
              32.408644440997264
            ],
            [
              53.947993848409645,
              32.4279
            ]
          ]
        ]
      }
    },
    {
      "type": "Feature",
      "properties": {
        "title": "Iran or Mesopotamia",
        "description": "Count: 2",
        "count": 2,
        "radius_km": 24.42941926768124,
        "style": {
          "fillOpacity": 0.3
        }
      },
      "geometry": {
        "type": "Polygon",
        "coordinates": [
          [
            [
              50.260202073848966,
              32.5
            ],
            [
              50.259211926400816,
              32.51925555900274
            ],
            [
              50.25624901967632,
              32.53836457157464
            ],
            [
              50.25133590318469,
              32.5571816065917
            ],
            [
              50.24450996870906,
              32.575563455055395
            ],
            [
              50.2358231657324,
              32.593370219999656
            ],
            [
              50.2253416060706,
              32.610466381191245
            ],
            [
              50.213145060721615,
              32.62672182652054
            ],
            [
              50.19932635276003,
              32.642012842233285
            ],
            [
              50.18399065089741,
              32.656223054466935
            ],
            [
              50.167254669084855,
              32.66924431492603
            ],
            [
              50.149245778249444,
              32.68097752395603
            ],
            [
              50.13010103692448,
              32.69133338475151
            ],
            [
              50.10996614815137,
              32.70023308295877
            ],
            [
              50.088994350591456,
              32.70760888650067
            ],
            [
              50.06734525228728,
              32.71340466105863
            ],
            [
              50.04518361594903,
              32.71757629728868
            ],
            [
              50.02267810501079,
              32.7200920465202
            ],
            [
              50.0,
              32.72093276238249
            ],
            [
              49.97732189498921,
              32.7200920465202
            ],
            [
              49.95481638405097,
              32.71757629728868
            ],
            [
              49.93265474771272,
              32.71340466105863
            ],
            [
              49.911005649408544,
              32.70760888650067
            ],
            [
              49.89003385184863,
              32.70023308295877
            ],
            [
              49.86989896307552,
              32.69133338475151
            ],
            [
              49.850754221750556,
              32.68097752395603
            ],
            [
              49.832745330915145,
              32.66924431492603
            ],
            [
              49.81600934910259,
              32.656223054466935
            ],
            [
              49.80067364723997,
              32.642012842233285
            ],
            [
              49.786854939278385,
              32.62672182652054
            ],
            [
              49.7746583939294,
              32.610466381191245
            ],
            [
              49.7641768342676,
              32.593370219999656
            ],
            [
              49.75549003129094,
              32.575563455055395
            ],
            [
              49.74866409681531,
              32.5571816065917
            ],
            [
              49.74375098032368,
              32.53836457157464
            ],
            [
              49.740788073599184,
              32.51925555900274
            ],
            [
              49.739797926151034,
              32.5
            ],
            [
              49.740788073599184,
              32.48074444099726
            ],
            [
              49.74375098032368,
              32.46163542842536
            ],
            [
              49.74866409681531,
              32.4428183934083
            ],
            [
              49.75549003129094,
              32.424436544944605
            ],
            [
              49.7641768342676,
              32.406629780000344
            ],
            [
              49.7746583939294,
              32.389533618808755
            ],
            [
              49.786854939278385,
              32.37327817347946
            ],
            [
              49.80067364723997,
              32.357987157766715
            ],
            [
              49.81600934910259,
              32.343776945533065
            ],
            [
              49.832745330915145,
              32.33075568507397
            ],
            [
              49.850754221750556,
              32.31902247604397
            ],
            [
              49.86989896307552,
              32.30866661524849
            ],
            [
              49.89003385184863,
              32.29976691704123
            ],
            [
              49.911005649408544,
              32.29239111349933
            ],
            [
              49.93265474771272,
              32.28659533894137
            ],
            [
              49.95481638405097,
              32.28242370271132
            ],
            [
              49.97732189498921,
              32.2799079534798
            ],
            [
              50.0,
              32.27906723761751
            ],
            [
              50.02267810501079,
              32.2799079534798
            ],
            [
              50.04518361594903,
              32.28242370271132
            ],
            [
              50.06734525228728,
              32.28659533894137
            ],
            [
              50.088994350591456,
              32.29239111349933
            ],
            [
              50.10996614815137,
              32.29976691704123
            ],
            [
              50.13010103692448,
              32.30866661524849
            ],
            [
              50.149245778249444,
              32.31902247604397
            ],
            [
              50.167254669084855,
              32.33075568507397
            ],
            [
              50.18399065089741,
              32.343776945533065
            ],
            [
              50.19932635276003,
              32.357987157766715
            ],
            [
              50.213145060721615,
              32.37327817347946
            ],
            [
              50.2253416060706,
              32.389533618808755
            ],
            [
              50.2358231657324,
              32.406629780000344
            ],
            [
              50.24450996870906,
              32.424436544944605
            ],
            [
              50.25133590318469,
              32.4428183934083
            ],
            [
              50.25624901967632,
              32.46163542842536
            ],
            [
              50.259211926400816,
              32.48074444099726
            ],
            [
              50.260202073848966,
              32.5
            ]
          ]
        ]
      }
    },
    {
      "type": "Feature",
      "properties": {
        "title": "Iran, Luristan",
        "description": "Count: 1",
        "count": 1,
        "radius_km": 20.0,
        "style": {
          "fillOpacity": 0.3
        }
      },
      "geometry": {
        "type": "Polygon",
        "coordinates": [
          [
            [
              48.71545184034048,
              33.5
            ],
            [
              48.71463198104129,
              33.51576423802117
            ],
            [
              48.71217864276805,
              33.5314085006723
            ],
            [
              48.70811049690638,
              33.546813725668336
            ],
            [
              48.702458504502694,
              33.561862669945135
            ],
            [
              48.695265680631955,
              33.57644080194995
            ],
            [
              48.68658676702696,
              33.59043717329571
            ],
            [
              48.676487815460725,
              33.603745263145235
            ],
            [
              48.66504568505258,
              33.61626378889912
            ],
            [
              48.65234745732387,
              33.627897477017484
            ],
            [
              48.63848977345502,
              33.63855778810913
            ],
            [
              48.62357809878777,
              33.6481635907698
            ],
            [
              48.60772592017024,
              33.65664177904108
            ],
            [
              48.591053882253526,
              33.663927828790975
            ],
            [
              48.57368886931303,
              33.66996628878143
            ],
            [
              48.5557630395825,
              33.67471120268581
            ],
            [
              48.53741281945011,
              33.678126458844254
            ],
            [
              48.518777865171224,
              33.680186065095185
            ],
            [
              48.5,
              33.68087434659142
            ],
            [
              48.481222134828776,
              33.680186065095185
            ],
            [
              48.46258718054989,
              33.678126458844254
            ],
            [
              48.4442369604175,
              33.67471120268581
            ],
            [
              48.42631113068697,
              33.66996628878143
            ],
            [
              48.408946117746474,
              33.663927828790975
            ],
            [
              48.39227407982976,
              33.65664177904108
            ],
            [
              48.37642190121223,
              33.6481635907698
            ],
            [
              48.36151022654498,
              33.63855778810913
            ],
            [
              48.34765254267613,
              33.627897477017484
            ],
            [
              48.33495431494742,
              33.61626378889912
            ],
            [
              48.323512184539275,
              33.603745263145235
            ],
            [
              48.31341323297304,
              33.59043717329571
            ],
            [
              48.304734319368045,
              33.57644080194995
            ],
            [
              48.297541495497306,
              33.561862669945135
            ],
            [
              48.29188950309362,
              33.546813725668336
            ],
            [
              48.28782135723195,
              33.5314085006723
            ],
            [
              48.28536801895871,
              33.51576423802117
            ],
            [
              48.28454815965952,
              33.5
            ],
            [
              48.28536801895871,
              33.48423576197883
            ],
            [
              48.28782135723195,
              33.4685914993277
            ],
            [
              48.29188950309362,
              33.453186274331664
            ],
            [
              48.297541495497306,
              33.438137330054865
            ],
            [
              48.304734319368045,
              33.42355919805005
            ],
            [
              48.31341323297304,
              33.40956282670429
            ],
            [
              48.323512184539275,
              33.396254736854765
            ],
            [
              48.33495431494742,
              33.38373621110088
            ],
            [
              48.34765254267613,
              33.372102522982516
            ],
            [
              48.36151022654498,
              33.36144221189087
            ],
            [
              48.37642190121223,
              33.3518364092302
            ],
            [
              48.39227407982976,
              33.34335822095892
            ],
            [
              48.408946117746474,
              33.336072171209025
            ],
            [
              48.42631113068697,
              33.33003371121857
            ],
            [
              48.4442369604175,
              33.32528879731419
            ],
            [
              48.46258718054989,
              33.321873541155746
            ],
            [
              48.481222134828776,
              33.319813934904815
            ],
            [
              48.5,
              33.31912565340858
            ],
            [
              48.518777865171224,
              33.319813934904815
            ],
            [
              48.53741281945011,
              33.321873541155746
            ],
            [
              48.5557630395825,
              33.32528879731419
            ],
            [
              48.57368886931303,
              33.33003371121857
            ],
            [
              48.591053882253526,
              33.336072171209025
            ],
            [
              48.60772592017024,
              33.34335822095892
            ],
            [
              48.62357809878777,
              33.3518364092302
            ],
            [
              48.63848977345502,
              33.36144221189087
            ],
            [
              48.65234745732387,
              33.372102522982516
            ],
            [
              48.66504568505258,
              33.38373621110088
            ],
            [
              48.676487815460725,
              33.396254736854765
            ],
            [
              48.68658676702696,
              33.40956282670429
            ],
            [
              48.695265680631955,
              33.42355919805005
            ],
            [
              48.702458504502694,
              33.438137330054865
            ],
            [
              48.70811049690638,
              33.453186274331664
            ],
            [
              48.71217864276805,
              33.4685914993277
            ],
            [
              48.71463198104129,
              33.48423576197883
            ],
            [
              48.71545184034048,
              33.5
            ]
          ]
        ]
      }
    },
    {
      "type": "Feature",
      "properties": {
        "title": "Italy",
        "description": "Count: 318",
        "count": 318,
        "radius_km": 200.0,
        "style": {
          "fillOpacity": 0.3
        }
      },
      "geometry": {
        "type": "Polygon",
        "coordinates": [
          [
            [
              14.980142794453958,
              41.8719
            ],
            [
              14.970961579694094,
              42.02954238021172
            ],
            [
              14.943487810002598,
              42.18598500672297
            ],
            [
              14.897930577355936,
              42.34003725668334
            ],
            [
              14.834636599802757,
              42.49052669945135
            ],
            [
              14.75408758273019,
              42.636308019499516
            ],
            [
              14.656896552794983,
              42.77627173295711
            ],
            [
              14.543803192420494,
              42.90935263145232
            ],
            [
              14.415668210366809,
              43.03453788899115
            ],
            [
              14.273466791217373,
              43.15087477017481
            ],
            [
              14.11828117363548,
              43.257477881091354
            ],
            [
              13.951292413874565,
              43.353535907697996
            ],
            [
              13.773771397226978,
              43.438317790410835
            ],
            [
              13.587069165819528,
              43.51117828790972
            ],
            [
              13.392606636367116,
              43.57156288781432
            ],
            [
              13.19186378613856,
              43.61901202685815
            ],
            [
              12.986368389435947,
              43.6531645884425
            ],
            [
              12.777684390309695,
              43.67376065095184
            ],
            [
              12.5674,
              43.68064346591422
            ],
            [
              12.357115609690304,
              43.67376065095184
            ],
            [
              12.148431610564053,
              43.6531645884425
            ],
            [
              11.942936213861438,
              43.61901202685815
            ],
            [
              11.742193363632882,
              43.57156288781432
            ],
            [
              11.54773083418047,
              43.51117828790972
            ],
            [
              11.36102860277302,
              43.438317790410835
            ],
            [
              11.183507586125433,
              43.353535907697996
            ],
            [
              11.016518826364518,
              43.257477881091354
            ],
            [
              10.861333208782625,
              43.15087477017481
            ],
            [
              10.71913178963319,
              43.03453788899115
            ],
            [
              10.590996807579504,
              42.90935263145232
            ],
            [
              10.477903447205016,
              42.77627173295711
            ],
            [
              10.380712417269809,
              42.636308019499516
            ],
            [
              10.300163400197242,
              42.49052669945135
            ],
            [
              10.236869422644064,
              42.34003725668334
            ],
            [
              10.1913121899974,
              42.18598500672297
            ],
            [
              10.163838420305904,
              42.02954238021172
            ],
            [
              10.154657205546041,
              41.8719
            ],
            [
              10.163838420305904,
              41.71425761978827
            ],
            [
              10.1913121899974,
              41.55781499327702
            ],
            [
              10.236869422644062,
              41.403762743316655
            ],
            [
              10.300163400197242,
              41.25327330054864
            ],
            [
              10.380712417269809,
              41.10749198050048
            ],
            [
              10.477903447205016,
              40.96752826704288
            ],
            [
              10.590996807579504,
              40.83444736854767
            ],
            [
              10.71913178963319,
              40.70926211100884
            ],
            [
              10.861333208782625,
              40.592925229825184
            ],
            [
              11.016518826364518,
              40.48632211890864
            ],
            [
              11.183507586125433,
              40.390264092302
            ],
            [
              11.361028602773018,
              40.30548220958916
            ],
            [
              11.54773083418047,
              40.23262171209027
            ],
            [
              11.74219336363288,
              40.17223711218567
            ],
            [
              11.942936213861438,
              40.12478797314184
            ],
            [
              12.148431610564053,
              40.09063541155749
            ],
            [
              12.357115609690304,
              40.07003934904815
            ],
            [
              12.5674,
              40.06315653408577
            ],
            [
              12.777684390309693,
              40.07003934904815
            ],
            [
              12.986368389435945,
              40.09063541155749
            ],
            [
              13.191863786138558,
              40.12478797314184
            ],
            [
              13.392606636367118,
              40.17223711218567
            ],
            [
              13.587069165819528,
              40.23262171209027
            ],
            [
              13.773771397226978,
              40.30548220958916
            ],
            [
              13.951292413874565,
              40.390264092302
            ],
            [
              14.11828117363548,
              40.48632211890864
            ],
            [
              14.273466791217373,
              40.592925229825184
            ],
            [
              14.415668210366809,
              40.70926211100884
            ],
            [
              14.543803192420494,
              40.83444736854767
            ],
            [
              14.656896552794983,
              40.96752826704288
            ],
            [
              14.75408758273019,
              41.10749198050048
            ],
            [
              14.834636599802755,
              41.25327330054864
            ],
            [
              14.897930577355936,
              41.403762743316655
            ],
            [
              14.943487810002598,
              41.55781499327702
            ],
            [
              14.970961579694094,
              41.71425761978827
            ],
            [
              14.980142794453958,
              41.8719
            ]
          ]
        ]
      }
    },
    {
      "type": "Feature",
      "properties": {
        "title": "Jordan",
        "description": "Count: 3",
        "count": 3,
        "radius_km": 27.828232212847055,
        "style": {
          "fillOpacity": 0.3
        }
      },
      "geometry": {
        "type": "Polygon",
        "coordinates": [
          [
            [
              36.52878427041594,
              30.5852
            ],
            [
              36.5276792705976,
              30.60713454381559
            ],
            [
              36.52437268085841,
              30.628902152508303
            ],
            [
              36.518889666342865,
              30.650337161432347
            ],
            [
              36.511271956102156,
              30.671276437226997
            ],
            [
              36.501577525510925,
              30.691560619359976
            ],
            [
              36.489880155039614,
              30.711035332957326
            ],
            [
              36.47626886874058,
              30.72955236368942
            ],
            [
              36.46084725672129,
              30.746970785771502
            ],
            [
              36.44373268676102,
              30.763158034493987
            ],
            [
              36.425055411071234,
              30.777990915119975
            ],
            [
              36.404957574997574,
              30.79135654047156
            ],
            [
              36.38359213520797,
              30.803153190069438
            ],
            [
              36.361121695600026,
              30.81329108428715
            ],
            [
              36.33771726978718,
              30.821693067628278
            ],
            [
              36.31355697958185,
              30.828295195926334
            ],
            [
              36.28882469938087,
              30.8330472229985
            ],
            [
              36.26370865677033,
              30.835912983049397
            ],
            [
              36.2384,
              30.836870665914656
            ],
            [
              36.213091343229664,
              30.835912983049397
            ],
            [
              36.18797530061913,
              30.8330472229985
            ],
            [
              36.16324302041815,
              30.828295195926334
            ],
            [
              36.13908273021282,
              30.821693067628278
            ],
            [
              36.11567830439997,
              30.81329108428715
            ],
            [
              36.09320786479203,
              30.803153190069438
            ],
            [
              36.07184242500242,
              30.79135654047156
            ],
            [
              36.05174458892876,
              30.777990915119975
            ],
            [
              36.03306731323898,
              30.763158034493987
            ],
            [
              36.01595274327871,
              30.746970785771502
            ],
            [
              36.000531131259415,
              30.72955236368942
            ],
            [
              35.98691984496038,
              30.711035332957326
            ],
            [
              35.97522247448907,
              30.691560619359976
            ],
            [
              35.96552804389784,
              30.671276437226997
            ],
            [
              35.95791033365713,
              30.650337161432347
            ],
            [
              35.952427319141584,
              30.628902152508303
            ],
            [
              35.949120729402395,
              30.60713454381559
            ],
            [
              35.94801572958406,
              30.5852
            ],
            [
              35.949120729402395,
              30.56326545618441
            ],
            [
              35.952427319141584,
              30.541497847491698
            ],
            [
              35.95791033365713,
              30.520062838567654
            ],
            [
              35.96552804389784,
              30.499123562773004
            ],
            [
              35.97522247448907,
              30.478839380640025
            ],
            [
              35.98691984496038,
              30.459364667042674
            ],
            [
              36.000531131259415,
              30.44084763631058
            ],
            [
              36.01595274327871,
              30.4234292142285
            ],
            [
              36.03306731323898,
              30.407241965506014
            ],
            [
              36.05174458892876,
              30.392409084880025
            ],
            [
              36.07184242500242,
              30.37904345952844
            ],
            [
              36.09320786479203,
              30.367246809930563
            ],
            [
              36.11567830439997,
              30.35710891571285
            ],
            [
              36.13908273021282,
              30.348706932371723
            ],
            [
              36.16324302041815,
              30.342104804073667
            ],
            [
              36.18797530061913,
              30.337352777001502
            ],
            [
              36.213091343229664,
              30.334487016950604
            ],
            [
              36.2384,
              30.333529334085345
            ],
            [
              36.26370865677033,
              30.334487016950604
            ],
            [
              36.28882469938087,
              30.337352777001502
            ],
            [
              36.31355697958185,
              30.342104804073667
            ],
            [
              36.33771726978718,
              30.348706932371723
            ],
            [
              36.361121695600026,
              30.35710891571285
            ],
            [
              36.38359213520797,
              30.367246809930563
            ],
            [
              36.404957574997574,
              30.37904345952844
            ],
            [
              36.425055411071234,
              30.392409084880025
            ],
            [
              36.44373268676102,
              30.407241965506014
            ],
            [
              36.46084725672129,
              30.4234292142285
            ],
            [
              36.47626886874058,
              30.44084763631058
            ],
            [
              36.489880155039614,
              30.459364667042674
            ],
            [
              36.501577525510925,
              30.478839380640025
            ],
            [
              36.511271956102156,
              30.499123562773004
            ],
            [
              36.518889666342865,
              30.520062838567654
            ],
            [
              36.52437268085841,
              30.541497847491698
            ],
            [
              36.5276792705976,
              30.56326545618441
            ],
            [
              36.52878427041594,
              30.5852
            ]
          ]
        ]
      }
    },
    {
      "type": "Feature",
      "properties": {
        "title": "Levant",
        "description": "Count: 6",
        "count": 6,
        "radius_km": 35.50021143249549,
        "style": {
          "fillOpacity": 0.3
        }
      },
      "geometry": {
        "type": "Polygon",
        "coordinates": [
          [
            [
              36.28376453259353,
              33.8
            ],
            [
              36.28230419268533,
              33.82798168914119
            ],
            [
              36.27793428702921,
              33.85575042073221
            ],
            [
              36.27068807324584,
              33.88309485795843
            ],
            [
              36.26062069939749,
              33.90980689314155
            ],
            [
              36.24780878427799,
              33.93568323156464
            ],
            [
              36.23234983429746,
              33.96052693866775
            ],
            [
              36.2143615013996,
              33.98414893883878
            ],
            [
              36.193980687659426,
              34.00636945439308
            ],
            [
              36.17136250337577,
              34.02701937379016
            ],
            [
              36.146679086588264,
              34.04594153867466
            ],
            [
              36.12011829300292,
              34.06299193994628
            ],
            [
              36.091882266296764,
              34.07804081375603
            ],
            [
              36.06218589968241,
              34.09097362908747
            ],
            [
              36.031255200440945,
              34.10169195940687
            ],
            [
              35.999325569870074,
              34.1101142317486
            ],
            [
              35.966640011738065,
              34.116176347534626
            ],
            [
              35.9334472828784,
              34.11983217040342
            ],
            [
              35.9,
              34.1210538773355
            ],
            [
              35.8665527171216,
              34.11983217040342
            ],
            [
              35.83335998826193,
              34.116176347534626
            ],
            [
              35.800674430129924,
              34.1101142317486
            ],
            [
              35.76874479955905,
              34.10169195940687
            ],
            [
              35.737814100317586,
              34.09097362908747
            ],
            [
              35.70811773370323,
              34.07804081375603
            ],
            [
              35.67988170699708,
              34.06299193994628
            ],
            [
              35.65332091341173,
              34.04594153867466
            ],
            [
              35.62863749662423,
              34.02701937379016
            ],
            [
              35.60601931234057,
              34.00636945439308
            ],
            [
              35.585638498600396,
              33.98414893883878
            ],
            [
              35.56765016570254,
              33.96052693866775
            ],
            [
              35.552191215722004,
              33.93568323156464
            ],
            [
              35.539379300602505,
              33.90980689314155
            ],
            [
              35.529311926754154,
              33.88309485795843
            ],
            [
              35.522065712970786,
              33.85575042073221
            ],
            [
              35.51769580731467,
              33.82798168914119
            ],
            [
              35.51623546740647,
              33.8
            ],
            [
              35.51769580731467,
              33.772018310858805
            ],
            [
              35.522065712970786,
              33.74424957926779
            ],
            [
              35.529311926754154,
              33.71690514204156
            ],
            [
              35.539379300602505,
              33.690193106858445
            ],
            [
              35.552191215722004,
              33.664316768435356
            ],
            [
              35.56765016570254,
              33.63947306133225
            ],
            [
              35.585638498600396,
              33.615851061161216
            ],
            [
              35.60601931234057,
              33.59363054560691
            ],
            [
              35.62863749662423,
              33.572980626209834
            ],
            [
              35.65332091341173,
              33.55405846132533
            ],
            [
              35.67988170699708,
              33.537008060053715
            ],
            [
              35.70811773370323,
              33.52195918624396
            ],
            [
              35.737814100317586,
              33.50902637091252
            ],
            [
              35.76874479955905,
              33.49830804059312
            ],
            [
              35.800674430129924,
              33.4898857682514
            ],
            [
              35.83335998826193,
              33.48382365246537
            ],
            [
              35.8665527171216,
              33.480167829596574
            ],
            [
              35.9,
              33.478946122664496
            ],
            [
              35.9334472828784,
              33.480167829596574
            ],
            [
              35.966640011738065,
              33.48382365246537
            ],
            [
              35.999325569870074,
              33.4898857682514
            ],
            [
              36.031255200440945,
              33.49830804059312
            ],
            [
              36.06218589968241,
              33.50902637091252
            ],
            [
              36.091882266296764,
              33.52195918624396
            ],
            [
              36.12011829300292,
              33.537008060053715
            ],
            [
              36.146679086588264,
              33.55405846132533
            ],
            [
              36.17136250337577,
              33.572980626209834
            ],
            [
              36.193980687659426,
              33.59363054560691
            ],
            [
              36.2143615013996,
              33.615851061161216
            ],
            [
              36.23234983429746,
              33.63947306133225
            ],
            [
              36.24780878427799,
              33.664316768435356
            ],
            [
              36.26062069939749,
              33.690193106858445
            ],
            [
              36.27068807324584,
              33.71690514204156
            ],
            [
              36.27793428702921,
              33.74424957926779
            ],
            [
              36.28230419268533,
              33.772018310858805
            ],
            [
              36.28376453259353,
              33.8
            ]
          ]
        ]
      }
    },
    {
      "type": "Feature",
      "properties": {
        "title": "Mesopotamia",
        "description": "Count: 97",
        "count": 97,
        "radius_km": 114.62582784516044,
        "style": {
          "fillOpacity": 0.3
        }
      },
      "geometry": {
        "type": "Polygon",
        "coordinates": [
          [
            [
              45.22777245358877,
              33.0
            ],
            [
              45.22310040872823,
              33.09034944167625
            ],
            [
              45.209119831229046,
              33.18001126954687
            ],
            [
              45.18593712172769,
              33.268303102962456
            ],
            [
              45.153728714641574,
              33.35455298775865
            ],
            [
              45.112739735396595,
              33.43810451023306
            ],
            [
              45.063282134874626,
              33.51832179284986
            ],
            [
              45.005732315278955,
              33.59459433365181
            ],
            [
              44.94052826548623,
              33.6663416525488
            ],
            [
              44.868166227686665,
              33.73301770912181
            ],
            [
              44.789196920681306,
              33.7941150583202
            ],
            [
              44.70422134857943,
              33.84916871242499
            ],
            [
              44.613886226794385,
              33.89775967988614
            ],
            [
              44.5188790601488,
              33.93951815410125
            ],
            [
              44.41992291054774,
              33.97412632786707
            ],
            [
              44.317770894041026,
              34.00132081208426
            ],
            [
              44.213200449155345,
              34.02089464030745
            ],
            [
              44.10700742011765,
              34.03269884388487
            ],
            [
              44.0,
              34.036643585699714
            ],
            [
              43.89299257988235,
              34.03269884388487
            ],
            [
              43.786799550844655,
              34.02089464030745
            ],
            [
              43.682229105958974,
              34.00132081208426
            ],
            [
              43.58007708945226,
              33.97412632786707
            ],
            [
              43.4811209398512,
              33.93951815410125
            ],
            [
              43.386113773205615,
              33.89775967988614
            ],
            [
              43.29577865142058,
              33.84916871242499
            ],
            [
              43.210803079318694,
              33.7941150583202
            ],
            [
              43.131833772313335,
              33.73301770912181
            ],
            [
              43.05947173451377,
              33.6663416525488
            ],
            [
              42.994267684721045,
              33.59459433365181
            ],
            [
              42.936717865125374,
              33.51832179284986
            ],
            [
              42.887260264603405,
              33.43810451023306
            ],
            [
              42.846271285358426,
              33.35455298775865
            ],
            [
              42.81406287827231,
              33.268303102962456
            ],
            [
              42.790880168770954,
              33.18001126954687
            ],
            [
              42.77689959127177,
              33.09034944167625
            ],
            [
              42.77222754641123,
              33.0
            ],
            [
              42.77689959127177,
              32.90965055832375
            ],
            [
              42.790880168770954,
              32.81998873045313
            ],
            [
              42.81406287827231,
              32.731696897037544
            ],
            [
              42.846271285358426,
              32.64544701224135
            ],
            [
              42.887260264603405,
              32.56189548976694
            ],
            [
              42.936717865125374,
              32.48167820715014
            ],
            [
              42.994267684721045,
              32.40540566634819
            ],
            [
              43.05947173451377,
              32.3336583474512
            ],
            [
              43.131833772313335,
              32.26698229087819
            ],
            [
              43.210803079318694,
              32.2058849416798
            ],
            [
              43.29577865142057,
              32.15083128757501
            ],
            [
              43.386113773205615,
              32.10224032011386
            ],
            [
              43.4811209398512,
              32.06048184589875
            ],
            [
              43.58007708945226,
              32.02587367213293
            ],
            [
              43.682229105958974,
              31.998679187915737
            ],
            [
              43.786799550844655,
              31.979105359692543
            ],
            [
              43.89299257988235,
              31.967301156115127
            ],
            [
              44.0,
              31.963356414300282
            ],
            [
              44.10700742011765,
              31.967301156115127
            ],
            [
              44.213200449155345,
              31.979105359692543
            ],
            [
              44.317770894041026,
              31.998679187915737
            ],
            [
              44.41992291054774,
              32.02587367213293
            ],
            [
              44.5188790601488,
              32.06048184589875
            ],
            [
              44.613886226794385,
              32.10224032011386
            ],
            [
              44.70422134857942,
              32.15083128757501
            ],
            [
              44.789196920681306,
              32.2058849416798
            ],
            [
              44.868166227686665,
              32.26698229087819
            ],
            [
              44.94052826548623,
              32.3336583474512
            ],
            [
              45.005732315278955,
              32.40540566634819
            ],
            [
              45.063282134874626,
              32.48167820715014
            ],
            [
              45.112739735396595,
              32.56189548976694
            ],
            [
              45.153728714641574,
              32.64544701224135
            ],
            [
              45.18593712172769,
              32.731696897037544
            ],
            [
              45.209119831229046,
              32.81998873045313
            ],
            [
              45.22310040872823,
              32.90965055832375
            ],
            [
              45.22777245358877,
              33.0
            ]
          ]
        ]
      }
    },
    {
      "type": "Feature",
      "properties": {
        "title": "Mesopotamia or Syria",
        "description": "Count: 2",
        "count": 2,
        "radius_km": 24.42941926768124,
        "style": {
          "fillOpacity": 0.3
        }
      },
      "geometry": {
        "type": "Polygon",
        "coordinates": [
          [
            [
              41.266284710153336,
              34.5
            ],
            [
              41.265271416437656,
              34.51925555900274
            ],
            [
              41.26223924706762,
              34.53836457157464
            ],
            [
              41.25721127868301,
              34.5571816065917
            ],
            [
              41.25022577715921,
              34.575563455055395
            ],
            [
              41.24133590638077,
              34.593370219999656
            ],
            [
              41.230609323632166,
              34.610466381191245
            ],
            [
              41.21812766468501,
              34.62672182652054
            ],
            [
              41.203985922500515,
              34.642012842233285
            ],
            [
              41.18829172427572,
              34.656223054466935
            ],
            [
              41.17116451233554,
              34.66924431492603
            ],
            [
              41.15273463510452,
              34.68097752395603
            ],
            [
              41.13314235507667,
              34.69133338475151
            ],
            [
              41.11253678133313,
              34.70023308295877
            ],
            [
              41.09107473473208,
              34.70760888650067
            ],
            [
              41.06891955440729,
              34.71340466105863
            ],
            [
              41.046239854658694,
              34.71757629728868
            ],
            [
              41.02320824169576,
              34.7200920465202
            ],
            [
              41.0,
              34.72093276238249
            ],
            [
              40.97679175830424,
              34.7200920465202
            ],
            [
              40.953760145341306,
              34.71757629728868
            ],
            [
              40.93108044559271,
              34.71340466105863
            ],
            [
              40.90892526526792,
              34.70760888650067
            ],
            [
              40.88746321866687,
              34.70023308295877
            ],
            [
              40.86685764492333,
              34.69133338475151
            ],
            [
              40.84726536489548,
              34.68097752395603
            ],
            [
              40.82883548766446,
              34.66924431492603
            ],
            [
              40.81170827572428,
              34.656223054466935
            ],
            [
              40.796014077499485,
              34.642012842233285
            ],
            [
              40.78187233531499,
              34.62672182652054
            ],
            [
              40.769390676367834,
              34.610466381191245
            ],
            [
              40.75866409361923,
              34.593370219999656
            ],
            [
              40.74977422284079,
              34.575563455055395
            ],
            [
              40.74278872131699,
              34.5571816065917
            ],
            [
              40.73776075293238,
              34.53836457157464
            ],
            [
              40.734728583562344,
              34.51925555900274
            ],
            [
              40.733715289846664,
              34.5
            ],
            [
              40.734728583562344,
              34.48074444099726
            ],
            [
              40.73776075293238,
              34.46163542842536
            ],
            [
              40.74278872131699,
              34.4428183934083
            ],
            [
              40.74977422284079,
              34.424436544944605
            ],
            [
              40.75866409361923,
              34.406629780000344
            ],
            [
              40.769390676367834,
              34.389533618808755
            ],
            [
              40.78187233531499,
              34.37327817347946
            ],
            [
              40.796014077499485,
              34.357987157766715
            ],
            [
              40.81170827572428,
              34.343776945533065
            ],
            [
              40.82883548766446,
              34.33075568507397
            ],
            [
              40.84726536489548,
              34.31902247604397
            ],
            [
              40.86685764492333,
              34.30866661524849
            ],
            [
              40.88746321866687,
              34.29976691704123
            ],
            [
              40.90892526526792,
              34.29239111349933
            ],
            [
              40.93108044559271,
              34.28659533894137
            ],
            [
              40.953760145341306,
              34.28242370271132
            ],
            [
              40.97679175830424,
              34.2799079534798
            ],
            [
              41.0,
              34.27906723761751
            ],
            [
              41.02320824169576,
              34.2799079534798
            ],
            [
              41.046239854658694,
              34.28242370271132
            ],
            [
              41.06891955440729,
              34.28659533894137
            ],
            [
              41.09107473473208,
              34.29239111349933
            ],
            [
              41.11253678133313,
              34.29976691704123
            ],
            [
              41.13314235507667,
              34.30866661524849
            ],
            [
              41.15273463510452,
              34.31902247604397
            ],
            [
              41.17116451233554,
              34.33075568507397
            ],
            [
              41.18829172427572,
              34.343776945533065
            ],
            [
              41.203985922500515,
              34.357987157766715
            ],
            [
              41.21812766468501,
              34.37327817347946
            ],
            [
              41.230609323632166,
              34.389533618808755
            ],
            [
              41.24133590638077,
              34.406629780000344
            ],
            [
              41.25022577715921,
              34.424436544944605
            ],
            [
              41.25721127868301,
              34.4428183934083
            ],
            [
              41.26223924706762,
              34.46163542842536
            ],
            [
              41.265271416437656,
              34.48074444099726
            ],
            [
              41.266284710153336,
              34.5
            ]
          ]
        ]
      }
    },
    {
      "type": "Feature",
      "properties": {
        "title": "Mesopotamia or southwestern Iran",
        "description": "Count: 1",
        "count": 1,
        "radius_km": 20.0,
        "style": {
          "fillOpacity": 0.3
        }
      },
      "geometry": {
        "type": "Polygon",
        "coordinates": [
          [
            [
              48.71071284524147,
              31.5
            ],
            [
              48.709911019249375,
              31.515764238021173
            ],
            [
              48.707511643653056,
              31.5314085006723
            ],
            [
              48.703532979149585,
              31.546813725668333
            ],
            [
              48.69800530577821,
              31.561862669945135
            ],
            [
              48.69097069247099,
              31.576440801949953
            ],
            [
              48.68248267688281,
              31.59043717329571
            ],
            [
              48.6726058579375,
              31.603745263145232
            ],
            [
              48.66141540419102,
              31.616263788899115
            ],
            [
              48.64899648175335,
              31.62789747701748
            ],
            [
              48.63544360612301,
              31.638557788109136
            ],
            [
              48.62085992286699,
              31.6481635907698
            ],
            [
              48.60535642262074,
              31.656641779041085
            ],
            [
              48.589051096382384,
              31.66392782879097
            ],
            [
              48.572068037530045,
              31.66996628878143
            ],
            [
              48.554536497396235,
              31.674711202685817
            ],
            [
              48.53658990158719,
              31.67812645884425
            ],
            [
              48.51836483453349,
              31.680186065095185
            ],
            [
              48.5,
              31.680874346591423
            ],
            [
              48.48163516546651,
              31.680186065095185
            ],
            [
              48.46341009841281,
              31.67812645884425
            ],
            [
              48.445463502603765,
              31.674711202685817
            ],
            [
              48.427931962469955,
              31.66996628878143
            ],
            [
              48.410948903617616,
              31.66392782879097
            ],
            [
              48.39464357737926,
              31.656641779041085
            ],
            [
              48.37914007713301,
              31.6481635907698
            ],
            [
              48.36455639387699,
              31.638557788109136
            ],
            [
              48.35100351824665,
              31.62789747701748
            ],
            [
              48.33858459580898,
              31.616263788899115
            ],
            [
              48.3273941420625,
              31.603745263145232
            ],
            [
              48.31751732311719,
              31.59043717329571
            ],
            [
              48.30902930752901,
              31.576440801949953
            ],
            [
              48.30199469422179,
              31.561862669945135
            ],
            [
              48.296467020850415,
              31.546813725668333
            ],
            [
              48.292488356346944,
              31.5314085006723
            ],
            [
              48.290088980750625,
              31.515764238021173
            ],
            [
              48.28928715475853,
              31.5
            ],
            [
              48.290088980750625,
              31.484235761978827
            ],
            [
              48.292488356346944,
              31.4685914993277
            ],
            [
              48.296467020850415,
              31.453186274331667
            ],
            [
              48.30199469422179,
              31.438137330054865
            ],
            [
              48.30902930752901,
              31.423559198050047
            ],
            [
              48.31751732311719,
              31.40956282670429
            ],
            [
              48.3273941420625,
              31.396254736854768
            ],
            [
              48.33858459580898,
              31.383736211100885
            ],
            [
              48.35100351824665,
              31.37210252298252
            ],
            [
              48.36455639387699,
              31.361442211890864
            ],
            [
              48.37914007713301,
              31.3518364092302
            ],
            [
              48.39464357737926,
              31.343358220958915
            ],
            [
              48.410948903617616,
              31.33607217120903
            ],
            [
              48.427931962469955,
              31.33003371121857
            ],
            [
              48.445463502603765,
              31.325288797314183
            ],
            [
              48.46341009841281,
              31.32187354115575
            ],
            [
              48.48163516546651,
              31.319813934904815
            ],
            [
              48.5,
              31.319125653408577
            ],
            [
              48.51836483453349,
              31.319813934904815
            ],
            [
              48.53658990158719,
              31.32187354115575
            ],
            [
              48.554536497396235,
              31.325288797314183
            ],
            [
              48.572068037530045,
              31.33003371121857
            ],
            [
              48.589051096382384,
              31.33607217120903
            ],
            [
              48.60535642262074,
              31.343358220958915
            ],
            [
              48.62085992286699,
              31.3518364092302
            ],
            [
              48.63544360612301,
              31.361442211890864
            ],
            [
              48.64899648175335,
              31.37210252298252
            ],
            [
              48.66141540419102,
              31.383736211100885
            ],
            [
              48.6726058579375,
              31.396254736854768
            ],
            [
              48.68248267688281,
              31.40956282670429
            ],
            [
              48.69097069247099,
              31.423559198050047
            ],
            [
              48.69800530577821,
              31.438137330054865
            ],
            [
              48.703532979149585,
              31.453186274331667
            ],
            [
              48.707511643653056,
              31.4685914993277
            ],
            [
              48.709911019249375,
              31.484235761978827
            ],
            [
              48.71071284524147,
              31.5
            ]
          ]
        ]
      }
    },
    {
      "type": "Feature",
      "properties": {
        "title": "Northern Syria or southeastern Anatolia",
        "description": "Count: 1",
        "count": 1,
        "radius_km": 20.0,
        "style": {
          "fillOpacity": 0.3
        }
      },
      "geometry": {
        "type": "Polygon",
        "coordinates": [
          [
            [
              37.62525809323017,
              37.1
            ],
            [
              37.624400918178154,
              37.11576423802117
            ],
            [
              37.62183591664182,
              37.1314085006723
            ],
            [
              37.61758260983166,
              37.14681372566834
            ],
            [
              37.6116733679807,
              37.16186266994514
            ],
            [
              37.60415316398753,
              37.17644080194995
            ],
            [
              37.59507923114538,
              37.19043717329571
            ],
            [
              37.584520627562135,
              37.20374526314524
            ],
            [
              37.57255771058655,
              37.21626378889912
            ],
            [
              37.55928152524021,
              37.227897477017486
            ],
            [
              37.54479311130997,
              37.238557788109134
            ],
            [
              37.529202734374195,
              37.2481635907698
            ],
            [
              37.51262904661509,
              37.25664177904108
            ],
            [
              37.49519818380396,
              37.263927828790976
            ],
            [
              37.47704280533185,
              37.26996628878143
            ],
            [
              37.45830108459145,
              37.274711202685815
            ],
            [
              37.43911565739415,
              37.278126458844255
            ],
            [
              37.4196325364254,
              37.28018606509519
            ],
            [
              37.4,
              37.280874346591425
            ],
            [
              37.3803674635746,
              37.28018606509519
            ],
            [
              37.36088434260585,
              37.278126458844255
            ],
            [
              37.34169891540855,
              37.274711202685815
            ],
            [
              37.32295719466815,
              37.26996628878143
            ],
            [
              37.30480181619604,
              37.263927828790976
            ],
            [
              37.28737095338491,
              37.25664177904108
            ],
            [
              37.2707972656258,
              37.2481635907698
            ],
            [
              37.255206888690026,
              37.238557788109134
            ],
            [
              37.24071847475979,
              37.227897477017486
            ],
            [
              37.227442289413446,
              37.21626378889912
            ],
            [
              37.21547937243786,
              37.20374526314524
            ],
            [
              37.20492076885462,
              37.19043717329571
            ],
            [
              37.195846836012464,
              37.17644080194995
            ],
            [
              37.1883266320193,
              37.16186266994514
            ],
            [
              37.18241739016834,
              37.14681372566834
            ],
            [
              37.178164083358176,
              37.1314085006723
            ],
            [
              37.175599081821844,
              37.11576423802117
            ],
            [
              37.174741906769825,
              37.1
            ],
            [
              37.175599081821844,
              37.08423576197883
            ],
            [
              37.178164083358176,
              37.0685914993277
            ],
            [
              37.18241739016834,
              37.053186274331665
            ],
            [
              37.1883266320193,
              37.038137330054866
            ],
            [
              37.195846836012464,
              37.02355919805005
            ],
            [
              37.20492076885462,
              37.00956282670429
            ],
            [
              37.21547937243786,
              36.996254736854766
            ],
            [
              37.227442289413446,
              36.98373621110088
            ],
            [
              37.24071847475979,
              36.97210252298252
            ],
            [
              37.255206888690026,
              36.96144221189087
            ],
            [
              37.2707972656258,
              36.951836409230204
            ],
            [
              37.28737095338491,
              36.94335822095892
            ],
            [
              37.30480181619604,
              36.93607217120903
            ],
            [
              37.32295719466815,
              36.93003371121857
            ],
            [
              37.34169891540855,
              36.92528879731419
            ],
            [
              37.36088434260585,
              36.92187354115575
            ],
            [
              37.3803674635746,
              36.919813934904816
            ],
            [
              37.4,
              36.91912565340858
            ],
            [
              37.4196325364254,
              36.919813934904816
            ],
            [
              37.43911565739415,
              36.92187354115575
            ],
            [
              37.45830108459145,
              36.92528879731419
            ],
            [
              37.47704280533185,
              36.93003371121857
            ],
            [
              37.49519818380396,
              36.93607217120903
            ],
            [
              37.51262904661509,
              36.94335822095892
            ],
            [
              37.529202734374195,
              36.951836409230204
            ],
            [
              37.54479311130997,
              36.96144221189087
            ],
            [
              37.55928152524021,
              36.97210252298252
            ],
            [
              37.57255771058655,
              36.98373621110088
            ],
            [
              37.584520627562135,
              36.996254736854766
            ],
            [
              37.59507923114538,
              37.00956282670429
            ],
            [
              37.60415316398753,
              37.02355919805005
            ],
            [
              37.6116733679807,
              37.038137330054866
            ],
            [
              37.61758260983166,
              37.053186274331665
            ],
            [
              37.62183591664182,
              37.0685914993277
            ],
            [
              37.624400918178154,
              37.08423576197883
            ],
            [
              37.62525809323017,
              37.1
            ]
          ]
        ]
      }
    },
    {
      "type": "Feature",
      "properties": {
        "title": "Sicily",
        "description": "Count: 2",
        "count": 2,
        "radius_km": 24.42941926768124,
        "style": {
          "fillOpacity": 0.3
        }
      },
      "geometry": {
        "type": "Polygon",
        "coordinates": [
          [
            [
              14.291981095938297,
              37.599
            ],
            [
              14.290927099245373,
              37.61825555900273
            ],
            [
              14.287773130717852,
              37.637364571574636
            ],
            [
              14.28254319396065,
              37.656181606591694
            ],
            [
              14.27527709195041,
              37.67456345505539
            ],
            [
              14.266030124110824,
              37.69237021999965
            ],
            [
              14.25487266545062,
              37.70946638119124
            ],
            [
              14.241889630967261,
              37.725721826520534
            ],
            [
              14.227179829392536,
              37.74101284223328
            ],
            [
              14.210855211198451,
              37.75522305446693
            ],
            [
              14.193040016586536,
              37.76824431492603
            ],
            [
              14.173869829944895,
              37.77997752395603
            ],
            [
              14.153490547969149,
              37.790333384751506
            ],
            [
              14.132057269300477,
              37.799233082958764
            ],
            [
              14.109733114131318,
              37.80660888650067
            ],
            [
              14.0866879827622,
              37.81240466105863
            ],
            [
              14.063097262557875,
              37.81657629728868
            ],
            [
              14.039140493143563,
              37.8190920465202
            ],
            [
              14.015,
              37.819932762382486
            ],
            [
              13.990859506856438,
              37.8190920465202
            ],
            [
              13.966902737442126,
              37.81657629728868
            ],
            [
              13.943312017237801,
              37.81240466105863
            ],
            [
              13.920266885868683,
              37.80660888650067
            ],
            [
              13.897942730699524,
              37.799233082958764
            ],
            [
              13.876509452030852,
              37.790333384751506
            ],
            [
              13.856130170055106,
              37.77997752395603
            ],
            [
              13.836959983413465,
              37.76824431492603
            ],
            [
              13.81914478880155,
              37.75522305446693
            ],
            [
              13.802820170607465,
              37.74101284223328
            ],
            [
              13.78811036903274,
              37.725721826520534
            ],
            [
              13.775127334549381,
              37.70946638119124
            ],
            [
              13.763969875889178,
              37.69237021999965
            ],
            [
              13.75472290804959,
              37.67456345505539
            ],
            [
              13.74745680603935,
              37.656181606591694
            ],
            [
              13.742226869282149,
              37.637364571574636
            ],
            [
              13.739072900754628,
              37.61825555900273
            ],
            [
              13.738018904061704,
              37.599
            ],
            [
              13.739072900754628,
              37.57974444099726
            ],
            [
              13.742226869282149,
              37.56063542842536
            ],
            [
              13.74745680603935,
              37.5418183934083
            ],
            [
              13.75472290804959,
              37.5234365449446
            ],
            [
              13.763969875889178,
              37.50562978000034
            ],
            [
              13.775127334549381,
              37.48853361880875
            ],
            [
              13.78811036903274,
              37.47227817347946
            ],
            [
              13.802820170607465,
              37.45698715776671
            ],
            [
              13.81914478880155,
              37.44277694553306
            ],
            [
              13.836959983413465,
              37.429755685073964
            ],
            [
              13.856130170055105,
              37.418022476043966
            ],
            [
              13.876509452030852,
              37.40766661524849
            ],
            [
              13.897942730699524,
              37.39876691704123
            ],
            [
              13.920266885868683,
              37.391391113499324
            ],
            [
              13.943312017237801,
              37.385595338941364
            ],
            [
              13.966902737442126,
              37.38142370271132
            ],
            [
              13.990859506856438,
              37.378907953479796
            ],
            [
              14.015,
              37.37806723761751
            ],
            [
              14.039140493143563,
              37.378907953479796
            ],
            [
              14.063097262557875,
              37.38142370271132
            ],
            [
              14.0866879827622,
              37.385595338941364
            ],
            [
              14.109733114131318,
              37.391391113499324
            ],
            [
              14.132057269300477,
              37.39876691704123
            ],
            [
              14.153490547969149,
              37.40766661524849
            ],
            [
              14.173869829944895,
              37.418022476043966
            ],
            [
              14.193040016586536,
              37.429755685073964
            ],
            [
              14.210855211198451,
              37.44277694553306
            ],
            [
              14.227179829392536,
              37.45698715776671
            ],
            [
              14.241889630967261,
              37.47227817347946
            ],
            [
              14.25487266545062,
              37.48853361880875
            ],
            [
              14.266030124110824,
              37.50562978000034
            ],
            [
              14.27527709195041,
              37.5234365449446
            ],
            [
              14.28254319396065,
              37.5418183934083
            ],
            [
              14.287773130717852,
              37.56063542842536
            ],
            [
              14.290927099245373,
              37.57974444099726
            ],
            [
              14.291981095938297,
              37.599
            ]
          ]
        ]
      }
    },
    {
      "type": "Feature",
      "properties": {
        "title": "Southwestern Iran",
        "description": "Count: 4",
        "count": 4,
        "radius_km": 30.69356406947275,
        "style": {
          "fillOpacity": 0.3
        }
      },
      "geometry": {
        "type": "Polygon",
        "coordinates": [
          [
            [
              48.82337641078399,
              31.5
            ],
            [
              48.822145865910954,
              31.524193032485464
            ],
            [
              48.81846359648134,
              31.54820194138556
            ],
            [
              48.81235762678892,
              31.571844004406586
            ],
            [
              48.80387442694995,
              31.594939291173482
            ],
            [
              48.79307855923749,
              31.617312032608638
            ],
            [
              48.78005218672357,
              31.638791958640695
            ],
            [
              48.764894447968544,
              31.659215594062626
            ],
            [
              48.74772070251684,
              31.678427502676733
            ],
            [
              48.72866165294113,
              31.696281470257997
            ],
            [
              48.707862350116855,
              31.712641617332608
            ],
            [
              48.685481089297475,
              31.727383433302798
            ],
            [
              48.661688205392,
              31.740394724047686
            ],
            [
              48.63666477661348,
              31.751576465788265
            ],
            [
              48.61060124636448,
              31.76084355871817
            ],
            [
              48.583695973847796,
              31.768125474664586
            ],
            [
              48.556153724433116,
              31.773366793850215
            ],
            [
              48.52818411126895,
              31.77652762667126
            ],
            [
              48.5,
              31.777583917281394
            ],
            [
              48.47181588873105,
              31.77652762667126
            ],
            [
              48.443846275566884,
              31.773366793850215
            ],
            [
              48.416304026152204,
              31.768125474664586
            ],
            [
              48.38939875363552,
              31.76084355871817
            ],
            [
              48.36333522338652,
              31.751576465788265
            ],
            [
              48.338311794608,
              31.740394724047686
            ],
            [
              48.314518910702525,
              31.727383433302798
            ],
            [
              48.292137649883145,
              31.712641617332608
            ],
            [
              48.27133834705887,
              31.696281470257997
            ],
            [
              48.25227929748316,
              31.678427502676733
            ],
            [
              48.235105552031456,
              31.659215594062626
            ],
            [
              48.21994781327643,
              31.638791958640695
            ],
            [
              48.20692144076251,
              31.617312032608638
            ],
            [
              48.19612557305005,
              31.594939291173482
            ],
            [
              48.18764237321108,
              31.571844004406586
            ],
            [
              48.18153640351866,
              31.54820194138556
            ],
            [
              48.177854134089046,
              31.524193032485464
            ],
            [
              48.17662358921601,
              31.5
            ],
            [
              48.177854134089046,
              31.475806967514536
            ],
            [
              48.18153640351866,
              31.45179805861444
            ],
            [
              48.18764237321108,
              31.428155995593414
            ],
            [
              48.19612557305005,
              31.405060708826518
            ],
            [
              48.20692144076251,
              31.382687967391362
            ],
            [
              48.21994781327643,
              31.361208041359305
            ],
            [
              48.235105552031456,
              31.340784405937374
            ],
            [
              48.25227929748316,
              31.321572497323267
            ],
            [
              48.27133834705887,
              31.303718529742003
            ],
            [
              48.292137649883145,
              31.287358382667392
            ],
            [
              48.314518910702525,
              31.272616566697202
            ],
            [
              48.338311794608,
              31.259605275952314
            ],
            [
              48.36333522338652,
              31.248423534211735
            ],
            [
              48.38939875363552,
              31.23915644128183
            ],
            [
              48.416304026152204,
              31.231874525335414
            ],
            [
              48.443846275566884,
              31.226633206149785
            ],
            [
              48.47181588873105,
              31.22347237332874
            ],
            [
              48.5,
              31.222416082718606
            ],
            [
              48.52818411126895,
              31.22347237332874
            ],
            [
              48.556153724433116,
              31.226633206149785
            ],
            [
              48.583695973847796,
              31.231874525335414
            ],
            [
              48.61060124636448,
              31.23915644128183
            ],
            [
              48.63666477661348,
              31.248423534211735
            ],
            [
              48.661688205392,
              31.259605275952314
            ],
            [
              48.685481089297475,
              31.272616566697202
            ],
            [
              48.707862350116855,
              31.287358382667392
            ],
            [
              48.72866165294113,
              31.303718529742
            ],
            [
              48.74772070251684,
              31.321572497323267
            ],
            [
              48.764894447968544,
              31.340784405937374
            ],
            [
              48.78005218672357,
              31.361208041359305
            ],
            [
              48.79307855923749,
              31.382687967391362
            ],
            [
              48.80387442694995,
              31.405060708826518
            ],
            [
              48.81235762678892,
              31.428155995593414
            ],
            [
              48.81846359648134,
              31.45179805861444
            ],
            [
              48.822145865910954,
              31.475806967514536
            ],
            [
              48.82337641078399,
              31.5
            ]
          ]
        ]
      }
    },
    {
      "type": "Feature",
      "properties": {
        "title": "Syria",
        "description": "Count: 12",
        "count": 12,
        "radius_km": 46.35002849516686,
        "style": {
          "fillOpacity": 0.3
        }
      },
      "geometry": {
        "type": "Polygon",
        "coordinates": [
          [
            [
              39.503867519448136,
              34.8021
            ],
            [
              39.501937974448765,
              34.8386336440743
            ],
            [
              39.49616402445319,
              34.874889245057574
            ],
            [
              39.48658961270729,
              34.910590875934616
            ],
            [
              39.47328760626563,
              34.945466825737206
            ],
            [
              39.456359241429205,
              34.979251667428684
            ],
            [
              39.43593335327605,
              35.011688277963934
            ],
            [
              39.41216539514849,
              35.042529795151005
            ],
            [
              39.38523625555937,
              35.0715414964215
            ],
            [
              39.35535088152122,
              35.098502585211016
            ],
            [
              39.32273671877575,
              35.12320787135429
            ],
            [
              39.287641980794426,
              35.14546933270633
            ],
            [
              39.25033375972407,
              35.1651175461044
            ],
            [
              39.21109599365434,
              35.18200297678062
            ],
            [
              39.17022730567744,
              35.19599711641186
            ],
            [
              39.128038731186074,
              35.20699346114562
            ],
            [
              39.08485135070626,
              35.21490832215871
            ],
            [
              39.04099384628071,
              35.21968146257969
            ],
            [
              38.9968,
              35.22127655592786
            ],
            [
              38.95260615371929,
              35.21968146257969
            ],
            [
              38.90874864929374,
              35.21490832215871
            ],
            [
              38.86556126881393,
              35.20699346114562
            ],
            [
              38.82337269432256,
              35.19599711641186
            ],
            [
              38.78250400634566,
              35.18200297678062
            ],
            [
              38.74326624027593,
              35.1651175461044
            ],
            [
              38.705958019205575,
              35.14546933270633
            ],
            [
              38.67086328122425,
              35.12320787135429
            ],
            [
              38.63824911847878,
              35.098502585211016
            ],
            [
              38.60836374444063,
              35.0715414964215
            ],
            [
              38.58143460485151,
              35.042529795151005
            ],
            [
              38.55766664672395,
              35.011688277963934
            ],
            [
              38.537240758570796,
              34.979251667428684
            ],
            [
              38.52031239373437,
              34.945466825737206
            ],
            [
              38.50701038729271,
              34.910590875934616
            ],
            [
              38.49743597554681,
              34.874889245057574
            ],
            [
              38.491662025551236,
              34.8386336440743
            ],
            [
              38.489732480551865,
              34.8021
            ],
            [
              38.491662025551236,
              34.765566355925706
            ],
            [
              38.49743597554681,
              34.72931075494243
            ],
            [
              38.50701038729271,
              34.69360912406539
            ],
            [
              38.52031239373437,
              34.6587331742628
            ],
            [
              38.537240758570796,
              34.62494833257132
            ],
            [
              38.55766664672395,
              34.59251172203607
            ],
            [
              38.58143460485151,
              34.561670204849
            ],
            [
              38.60836374444063,
              34.5326585035785
            ],
            [
              38.63824911847878,
              34.50569741478899
            ],
            [
              38.67086328122425,
              34.48099212864572
            ],
            [
              38.705958019205575,
              34.45873066729368
            ],
            [
              38.74326624027593,
              34.43908245389561
            ],
            [
              38.78250400634566,
              34.42219702321938
            ],
            [
              38.82337269432256,
              34.408202883588146
            ],
            [
              38.86556126881393,
              34.397206538854384
            ],
            [
              38.90874864929374,
              34.38929167784129
            ],
            [
              38.95260615371929,
              34.38451853742031
            ],
            [
              38.9968,
              34.38292344407215
            ],
            [
              39.04099384628071,
              34.38451853742031
            ],
            [
              39.08485135070626,
              34.38929167784129
            ],
            [
              39.128038731186074,
              34.397206538854384
            ],
            [
              39.17022730567744,
              34.408202883588146
            ],
            [
              39.21109599365434,
              34.42219702321938
            ],
            [
              39.25033375972407,
              34.43908245389561
            ],
            [
              39.287641980794426,
              34.45873066729368
            ],
            [
              39.32273671877575,
              34.48099212864572
            ],
            [
              39.35535088152122,
              34.50569741478899
            ],
            [
              39.38523625555937,
              34.5326585035785
            ],
            [
              39.41216539514849,
              34.561670204848994
            ],
            [
              39.43593335327605,
              34.59251172203607
            ],
            [
              39.456359241429205,
              34.62494833257132
            ],
            [
              39.47328760626563,
              34.6587331742628
            ],
            [
              39.48658961270729,
              34.69360912406539
            ],
            [
              39.49616402445319,
              34.72931075494243
            ],
            [
              39.501937974448765,
              34.765566355925706
            ],
            [
              39.503867519448136,
              34.8021
            ]
          ]
        ]
      }
    },
    {
      "type": "Feature",
      "properties": {
        "title": "Tunisia",
        "description": "Count: 2",
        "count": 2,
        "radius_km": 24.42941926768124,
        "style": {
          "fillOpacity": 0.3
        }
      },
      "geometry": {
        "type": "Polygon",
        "coordinates": [
          [
            [
              9.801855723192148,
              33.8869
            ],
            [
              9.800849769854228,
              33.906155559002734
            ],
            [
              9.797839565752776,
              33.92526457157464
            ],
            [
              9.79284802035862,
              33.944081606591695
            ],
            [
              9.785913122346184,
              33.96246345505539
            ],
            [
              9.77708765047675,
              33.98027021999965
            ],
            [
              9.766438771920207,
              33.99736638119124
            ],
            [
              9.754047531072343,
              34.013621826520534
            ],
            [
              9.740008232758044,
              34.02891284223328
            ],
            [
              9.724427724514642,
              34.04312305446693
            ],
            [
              9.707424583417637,
              34.05614431492603
            ],
            [
              9.689128213637556,
              34.06787752395603
            ],
            [
              9.669677861596075,
              34.078233384751506
            ],
            [
              9.649221556216672,
              34.087133082958765
            ],
            [
              9.62791498233514,
              34.09450888650067
            ],
            [
              9.605920295843978,
              34.10030466105863
            ],
            [
              9.58340488958814,
              34.10447629728868
            ],
            [
              9.560540119404406,
              34.1069920465202
            ],
            [
              9.5375,
              34.107832762382486
            ],
            [
              9.514459880595593,
              34.1069920465202
            ],
            [
              9.49159511041186,
              34.10447629728868
            ],
            [
              9.469079704156021,
              34.10030466105863
            ],
            [
              9.44708501766486,
              34.09450888650067
            ],
            [
              9.425778443783328,
              34.087133082958765
            ],
            [
              9.405322138403925,
              34.078233384751506
            ],
            [
              9.385871786362443,
              34.06787752395603
            ],
            [
              9.367575416582362,
              34.05614431492603
            ],
            [
              9.350572275485357,
              34.04312305446693
            ],
            [
              9.334991767241956,
              34.02891284223328
            ],
            [
              9.320952468927656,
              34.013621826520534
            ],
            [
              9.308561228079792,
              33.99736638119124
            ],
            [
              9.29791234952325,
              33.98027021999965
            ],
            [
              9.289086877653816,
              33.96246345505539
            ],
            [
              9.282151979641379,
              33.944081606591695
            ],
            [
              9.277160434247223,
              33.92526457157464
            ],
            [
              9.274150230145771,
              33.906155559002734
            ],
            [
              9.273144276807852,
              33.8869
            ],
            [
              9.274150230145771,
              33.86764444099726
            ],
            [
              9.277160434247223,
              33.84853542842536
            ],
            [
              9.282151979641379,
              33.8297183934083
            ],
            [
              9.289086877653816,
              33.8113365449446
            ],
            [
              9.29791234952325,
              33.79352978000034
            ],
            [
              9.308561228079792,
              33.77643361880875
            ],
            [
              9.320952468927656,
              33.76017817347946
            ],
            [
              9.334991767241956,
              33.74488715776671
            ],
            [
              9.350572275485357,
              33.73067694553306
            ],
            [
              9.367575416582362,
              33.717655685073964
            ],
            [
              9.385871786362443,
              33.705922476043966
            ],
            [
              9.405322138403925,
              33.69556661524849
            ],
            [
              9.425778443783328,
              33.68666691704123
            ],
            [
              9.44708501766486,
              33.679291113499325
            ],
            [
              9.469079704156021,
              33.673495338941365
            ],
            [
              9.49159511041186,
              33.66932370271132
            ],
            [
              9.514459880595593,
              33.6668079534798
            ],
            [
              9.5375,
              33.66596723761751
            ],
            [
              9.560540119404406,
              33.6668079534798
            ],
            [
              9.58340488958814,
              33.66932370271132
            ],
            [
              9.605920295843978,
              33.673495338941365
            ],
            [
              9.62791498233514,
              33.679291113499325
            ],
            [
              9.649221556216672,
              33.68666691704123
            ],
            [
              9.669677861596075,
              33.69556661524849
            ],
            [
              9.689128213637556,
              33.705922476043966
            ],
            [
              9.707424583417637,
              33.717655685073964
            ],
            [
              9.724427724514642,
              33.73067694553306
            ],
            [
              9.740008232758044,
              33.74488715776671
            ],
            [
              9.754047531072343,
              33.76017817347946
            ],
            [
              9.766438771920207,
              33.77643361880875
            ],
            [
              9.77708765047675,
              33.79352978000034
            ],
            [
              9.785913122346184,
              33.8113365449446
            ],
            [
              9.79284802035862,
              33.8297183934083
            ],
            [
              9.797839565752776,
              33.84853542842536
            ],
            [
              9.800849769854228,
              33.86764444099726
            ],
            [
              9.801855723192148,
              33.8869
            ]
          ]
        ]
      }
    },
    {
      "type": "Feature",
      "properties": {
        "title": "Turkey",
        "description": "Count: 29",
        "count": 29,
        "radius_km": 66.89304082028994,
        "style": {
          "fillOpacity": 0.3
        }
      },
      "geometry": {
        "type": "Polygon",
        "coordinates": [
          [
            [
              35.77322368098446,
              39.0
            ],
            [
              35.770281331435704,
              39.05272589087255
            ],
            [
              35.76147667584613,
              39.10505050587881
            ],
            [
              35.74687672296119,
              39.15657562310409
            ],
            [
              35.72659258723802,
              39.2069091052946
            ],
            [
              35.70077864319736,
              39.25566788425869
            ],
            [
              35.66963135054026,
              39.30248087624708
            ],
            [
              35.63338775897108,
              39.34699180612429
            ],
            [
              35.59232370410615,
              39.388861918837506
            ],
            [
              35.54675170819814,
              39.42777255754712
            ],
            [
              35.49701860165303,
              39.46342758879767
            ],
            [
              35.443502883441305,
              39.495555656272245
            ],
            [
              35.38661184049223,
              39.523912245977904
            ],
            [
              35.3267784479944,
              39.5482815471448
            ],
            [
              35.26445807419311,
              39.56847809467648
            ],
            [
              35.20012501476305,
              39.58434818065121
            ],
            [
              35.13426888313187,
              39.595771024132105
            ],
            [
              35.06739088422628,
              39.60265969038298
            ],
            [
              35.0,
              39.60496175249417
            ],
            [
              34.93260911577372,
              39.60265969038298
            ],
            [
              34.86573111686813,
              39.595771024132105
            ],
            [
              34.79987498523695,
              39.58434818065121
            ],
            [
              34.73554192580689,
              39.56847809467648
            ],
            [
              34.6732215520056,
              39.5482815471448
            ],
            [
              34.61338815950777,
              39.523912245977904
            ],
            [
              34.556497116558695,
              39.495555656272245
            ],
            [
              34.50298139834697,
              39.46342758879767
            ],
            [
              34.45324829180186,
              39.42777255754712
            ],
            [
              34.40767629589385,
              39.388861918837506
            ],
            [
              34.36661224102892,
              39.34699180612429
            ],
            [
              34.33036864945974,
              39.30248087624708
            ],
            [
              34.29922135680264,
              39.25566788425869
            ],
            [
              34.27340741276198,
              39.2069091052946
            ],
            [
              34.25312327703881,
              39.15657562310409
            ],
            [
              34.23852332415387,
              39.10505050587881
            ],
            [
              34.229718668564296,
              39.05272589087255
            ],
            [
              34.22677631901554,
              39.0
            ],
            [
              34.229718668564296,
              38.94727410912745
            ],
            [
              34.23852332415387,
              38.89494949412119
            ],
            [
              34.25312327703881,
              38.84342437689591
            ],
            [
              34.27340741276198,
              38.7930908947054
            ],
            [
              34.29922135680264,
              38.74433211574131
            ],
            [
              34.33036864945974,
              38.69751912375292
            ],
            [
              34.36661224102892,
              38.65300819387571
            ],
            [
              34.40767629589385,
              38.611138081162494
            ],
            [
              34.45324829180186,
              38.57222744245288
            ],
            [
              34.50298139834697,
              38.53657241120233
            ],
            [
              34.556497116558695,
              38.504444343727755
            ],
            [
              34.61338815950777,
              38.476087754022096
            ],
            [
              34.6732215520056,
              38.4517184528552
            ],
            [
              34.73554192580689,
              38.43152190532352
            ],
            [
              34.79987498523695,
              38.41565181934879
            ],
            [
              34.86573111686813,
              38.404228975867895
            ],
            [
              34.93260911577372,
              38.39734030961702
            ],
            [
              35.0,
              38.39503824750583
            ],
            [
              35.06739088422628,
              38.39734030961702
            ],
            [
              35.13426888313187,
              38.404228975867895
            ],
            [
              35.20012501476305,
              38.41565181934879
            ],
            [
              35.26445807419311,
              38.43152190532352
            ],
            [
              35.3267784479944,
              38.4517184528552
            ],
            [
              35.38661184049223,
              38.476087754022096
            ],
            [
              35.443502883441305,
              38.504444343727755
            ],
            [
              35.49701860165303,
              38.53657241120233
            ],
            [
              35.54675170819814,
              38.57222744245288
            ],
            [
              35.59232370410615,
              38.611138081162494
            ],
            [
              35.63338775897108,
              38.65300819387571
            ],
            [
              35.66963135054026,
              38.69751912375292
            ],
            [
              35.70077864319736,
              38.74433211574131
            ],
            [
              35.72659258723802,
              38.793090894705394
            ],
            [
              35.74687672296119,
              38.84342437689591
            ],
            [
              35.76147667584613,
              38.89494949412119
            ],
            [
              35.770281331435704,
              38.94727410912745
            ],
            [
              35.77322368098446,
              39.0
            ]
          ]
        ]
      }
    },
    {
      "type": "Feature",
      "properties": {
        "title": "Urartu",
        "description": "Count: 3",
        "count": 3,
        "radius_km": 27.828232212847055,
        "style": {
          "fillOpacity": 0.3
        }
      },
      "geometry": {
        "type": "Polygon",
        "coordinates": [
          [
            [
              43.821669457436016,
              39.0
            ],
            [
              43.82044540803581,
              39.02193454381559
            ],
            [
              43.81678257559022,
              39.0437021525083
            ],
            [
              43.81070883646584,
              39.06513716143235
            ],
            [
              43.802270415484834,
              39.086076437227
            ],
            [
              43.791531534126115,
              39.106360619359975
            ],
            [
              43.77857392176115,
              39.12583533295733
            ],
            [
              43.763496193644045,
              39.14435236368942
            ],
            [
              43.74641310038996,
              39.1617707857715
            ],
            [
              43.727454654653606,
              39.17795803449398
            ],
            [
              43.706765141654465,
              39.19279091511997
            ],
            [
              43.684502021079126,
              39.20615654047156
            ],
            [
              43.66083472871801,
              39.21795319006944
            ],
            [
              43.63594338695668,
              39.22809108428715
            ],
            [
              43.61001743393576,
              39.236493067628274
            ],
            [
              43.58325418181224,
              39.24309519592633
            ],
            [
              43.555857315094876,
              39.247847222998494
            ],
            [
              43.52803534048207,
              39.2507129830494
            ],
            [
              43.5,
              39.25167066591465
            ],
            [
              43.47196465951793,
              39.2507129830494
            ],
            [
              43.444142684905124,
              39.247847222998494
            ],
            [
              43.41674581818776,
              39.24309519592633
            ],
            [
              43.38998256606424,
              39.236493067628274
            ],
            [
              43.36405661304332,
              39.22809108428715
            ],
            [
              43.33916527128199,
              39.21795319006944
            ],
            [
              43.315497978920874,
              39.20615654047156
            ],
            [
              43.293234858345535,
              39.19279091511997
            ],
            [
              43.272545345346394,
              39.17795803449398
            ],
            [
              43.25358689961004,
              39.1617707857715
            ],
            [
              43.236503806355955,
              39.14435236368942
            ],
            [
              43.22142607823885,
              39.12583533295733
            ],
            [
              43.208468465873885,
              39.106360619359975
            ],
            [
              43.197729584515166,
              39.086076437227
            ],
            [
              43.18929116353416,
              39.06513716143235
            ],
            [
              43.18321742440978,
              39.0437021525083
            ],
            [
              43.17955459196419,
              39.02193454381559
            ],
            [
              43.178330542563984,
              39.0
            ],
            [
              43.17955459196419,
              38.97806545618441
            ],
            [
              43.18321742440978,
              38.9562978474917
            ],
            [
              43.18929116353416,
              38.93486283856765
            ],
            [
              43.197729584515166,
              38.913923562773
            ],
            [
              43.208468465873885,
              38.893639380640025
            ],
            [
              43.22142607823885,
              38.87416466704267
            ],
            [
              43.236503806355955,
              38.85564763631058
            ],
            [
              43.25358689961004,
              38.8382292142285
            ],
            [
              43.272545345346394,
              38.82204196550602
            ],
            [
              43.293234858345535,
              38.80720908488003
            ],
            [
              43.315497978920874,
              38.79384345952844
            ],
            [
              43.33916527128199,
              38.78204680993056
            ],
            [
              43.36405661304332,
              38.77190891571285
            ],
            [
              43.38998256606424,
              38.763506932371726
            ],
            [
              43.41674581818776,
              38.75690480407367
            ],
            [
              43.444142684905124,
              38.752152777001506
            ],
            [
              43.47196465951793,
              38.7492870169506
            ],
            [
              43.5,
              38.74832933408535
            ],
            [
              43.52803534048207,
              38.7492870169506
            ],
            [
              43.555857315094876,
              38.752152777001506
            ],
            [
              43.58325418181224,
              38.75690480407367
            ],
            [
              43.61001743393576,
              38.763506932371726
            ],
            [
              43.63594338695668,
              38.77190891571285
            ],
            [
              43.66083472871801,
              38.78204680993056
            ],
            [
              43.684502021079126,
              38.79384345952844
            ],
            [
              43.706765141654465,
              38.80720908488003
            ],
            [
              43.727454654653606,
              38.82204196550601
            ],
            [
              43.74641310038996,
              38.8382292142285
            ],
            [
              43.763496193644045,
              38.85564763631058
            ],
            [
              43.77857392176115,
              38.87416466704267
            ],
            [
              43.791531534126115,
              38.893639380640025
            ],
            [
              43.802270415484834,
              38.913923562773
            ],
            [
              43.81070883646584,
              38.93486283856765
            ],
            [
              43.81678257559022,
              38.9562978474917
            ],
            [
              43.82044540803581,
              38.97806545618441
            ],
            [
              43.821669457436016,
              39.0
            ]
          ]
        ]
      }
    }
  ]
}